Country Name,Country Code,Series Name,Series Code,1965 [YR1965],1966 [YR1966],1967 [YR1967],1968 [YR1968],1969 [YR1969],1970 [YR1970],1971 [YR1971],1972 [YR1972],1973 [YR1973],1974 [YR1974],1975 [YR1975],1976 [YR1976],1977 [YR1977],1978 [YR1978],1979 [YR1979],1980 [YR1980],1981 [YR1981],1988 [YR1988],1989 [YR1989],1990 [YR1990],1991 [YR1991],1992 [YR1992],1993 [YR1993],1994 [YR1994],1995 [YR1995],1996 [YR1996],1997 [YR1997],1998 [YR1998],1999 [YR1999],2000 [YR2000],2001 [YR2001],2002 [YR2002],2003 [YR2003],2004 [YR2004],2011 [YR2011],2012 [YR2012],2013 [YR2013],2014 [YR2014],2015 [YR2015],2016 [YR2016],2017 [YR2017],2018 [YR2018],2019 [YR2019],2020 [YR2020],2021 [YR2021],2022 [YR2022]
Afghanistan,AFG,"Population, total",SP.POP.TOTL,9565147,9783147,10010030,10247780,10494489,10752971,11015857,11286753,11575305,11869879,12157386,12425267,12687301,12938862,12986369,12486631,11155195,10383460,10673168,10694796,10745167,12057433,14003760,15455555,16418912,17106595,17788819,18493132,19262847,19542982,19688632,21000256,22645130,23553551,29249157,30466479,31541209,32716210,33753499,34636207,35643418,36686784,37769499,38972230,40099462,41128771
Albania,ALB,"Population, total",SP.POP.TOTL,1864791,1914573,1965598,2022272,2081695,2135479,2187853,2243126,2296752,2350124,2404831,2458526,2513546,2566266,2617832,2671997,2726056,3142336,3227943,3286542,3266790,3247039,3227287,3207536,3187784,3168033,3148281,3128530,3108778,3089027,3060173,3051010,3039616,3026939,2905195,2900401,2895092,2889104,2880703,2876101,2873457,2866376,2854191,2837849,2811666,2775634
Algeria,DZA,"Population, total",SP.POP.TOTL,12381256,12613389,12897115,13190975,13491016,13795915,14110271,14439748,14786469,15153602,15724692,16500516,17134192,17632645,18166981,18739378,19351357,24243018,24889507,25518074,26133905,26748303,27354327,27937006,28478022,28984634,29476031,29924668,30346083,30774621,31200985,31624696,32055883,32510186,36543541,37260563,38000626,38760168,39543154,40339329,41136546,41927007,42705368,43451666,44177969,44903225
American Samoa,ASM,"Population, total",SP.POP.TOTL,23391,24122,24848,25608,26396,27075,27593,28063,28529,29012,29573,30198,30816,31428,32045,32886,34059,44532,46288,47818,48992,50078,51174,52288,53401,54500,55578,56603,57594,58230,58324,58177,57941,57626,54310,53691,52995,52217,51368,50448,49463,48424,47321,46189,45035,44273
Andorra,AND,"Population, total",SP.POP.TOTL,13563,14546,15745,17079,18449,19860,21322,22832,24393,26003,27640,29294,30949,32574,34142,35611,36987,49654,51639,53569,55434,57283,59156,61037,62928,64147,64682,65186,65655,66097,67820,70849,73907,76933,70567,71013,71367,71621,71746,72540,73837,75013,76343,77700,79034,79824
Angola,AGO,"Population, total",SP.POP.TOTL,5736582,5787044,5827503,5868203,5928386,6029700,6177049,6364731,6578230,6802494,7032713,7266780,7511895,7771590,8043218,8330047,8631457,11060261,11439498,11828638,12228691,12632507,13038270,13462031,13912253,14383350,14871146,15366864,15870753,16394062,16941587,17516139,18124342,18771125,24259111,25188292,26147002,27128337,28127721,29154746,30208628,31273533,32353588,33428486,34503774,35588987
Antigua and Barbuda,ATG,"Population, total",SP.POP.TOTL,59644,60615,61617,62658,63742,64517,64769,64695,64463,64218,64035,63990,64117,64329,64609,64889,65076,63982,63636,63328,63634,64659,65834,67072,68398,69798,71218,72572,73821,75055,76215,77195,78075,78941,86729,87674,88497,89236,89941,90564,91119,91626,92117,92664,93219,93763
Argentina,ARG,"Population, total",SP.POP.TOTL,22053661,22403116,22757014,23112971,23472028,23842803,24223379,24612794,25020588,25449754,25875558,26290257,26713780,27146121,27584134,28024803,28471285,31690792,32165766,32637657,33105763,33568285,34027240,34488696,34946110,35389362,35815971,36233195,36653031,37070774,37480493,37885028,38278164,38668796,41261490,41733271,42202935,42669500,43131966,43590368,44044811,44494502,44938712,45376763,45808747,46234830
Armenia,ARM,"Population, total",SP.POP.TOTL,2234051,2295496,2355997,2416461,2476359,2534377,2590923,2648048,2706852,2767646,2830798,2896311,2965523,3038224,3097058,3135123,3167876,3366838,3448186,3556539,3617631,3574555,3457349,3373713,3322782,3298898,3271418,3240550,3206030,3168523,3133133,3105037,3084102,3065745,2928976,2914421,2901385,2889930,2878595,2865835,2851923,2836557,2820602,2805608,2790974,2780469
Aruba,ABW,"Population, total",SP.POP.TOTL,58782,59291,59522,59471,59330,59106,58816,58855,59365,60028,60715,61193,61465,61738,62006,62267,62614,64332,64596,65712,67864,70192,72360,74710,77050,79417,81858,84355,86867,89101,90691,91781,92701,93540,101288,102112,102880,103594,104257,104874,105439,105962,106442,106585,106537,106445
Australia,AUS,"Population, total",SP.POP.TOTL,11388000,11651000,11799000,12009000,12263000,12507000,12937000,13177000,13380000,13723000,13893000,14033000,14192000,14358000,14514000,14692000,14923260,16532164,16814416,17065128,17284036,17478635,17634808,17805468,18004882,18224767,18423037,18607584,18812264,19028802,19274701,19495210,19720737,19932722,22340024,22733465,23128129,23475686,23815995,24190907,24594202,24966643,25340217,25655289,25688079,25978935
Austria,AUT,"Population, total",SP.POP.TOTL,7270889,7322066,7376998,7415403,7441055,7467086,7500482,7544201,7586115,7599038,7578903,7565525,7568430,7562305,7549425,7549433,7568710,7585317,7619567,7677850,7754891,7840709,7905633,7936118,7948278,7959017,7968041,7976789,7992324,8011566,8042293,8081957,8121423,8171966,8391643,8429991,8479823,8546356,8642699,8736668,8797566,8840521,8879920,8916864,8955797,9042528
Azerbaijan,AZE,"Population, total",SP.POP.TOTL,4574650,4708150,4832000,4948500,5063300,5172050,5282950,5391450,5493900,5594100,5689050,5781000,5876150,5976150,6071300,6160500,6257750,6974600,7076550,7175200,7271300,7382050,7494800,7596550,7684850,7763000,7838250,7913000,7982750,8048600,8111200,8171950,8234100,8306500,9173082,9295784,9416801,9535079,9649341,9757812,9854033,9939771,10024283,10093121,10137750,10175016
"Bahamas, The",BHS,"Population, total",SP.POP.TOTL,144849,151323,158197,165456,172745,179129,184435,189181,193563,197767,201881,206096,210534,215016,219426,223752,227956,260452,265493,270679,276058,281973,288164,293997,299554,304933,310171,315398,320272,325014,329626,334002,338490,343089,377950,382061,385650,389131,392697,395976,399020,401906,404557,406471,407906,409984
Bahrain,BHR,"Population, total",SP.POP.TOTL,193012,199019,204916,210801,216696,222555,230992,243143,256632,270627,285116,300044,315337,330912,346697,362595,377430,483337,500349,517418,535415,554470,573755,593254,612934,632756,652643,672484,692133,711442,730257,748324,778256,833451,1212077,1224939,1261673,1311134,1362142,1409661,1456834,1487340,1494188,1477469,1463265,1472233
Bangladesh,BGD,"Population, total",SP.POP.TOTL,58500159,60265259,62104488,63995652,65866908,67541860,68376204,69346705,71144818,72947807,74700345,76380080,78137788,80007550,81908151,83929765,86154836,102688833,104893674,107147651,109242834,111272102,113418757,115614891,117793338,119876868,122039226,124350471,126754824,129193327,131670484,134139826,136503206,138789725,150211005,152090649,154030139,155961299,157830000,159784568,161793964,163683958,165516222,167420951,169356251,171186372
Barbados,BRB,"Population, total",SP.POP.TOTL,237694,238494,239238,239905,240594,241397,242350,243458,244643,245851,247090,248359,249663,251009,252334,253575,254684,258762,258759,258868,259402,260212,260995,261712,262303,262793,263224,263642,264170,264657,265377,266455,267499,268505,275486,276197,276865,277493,278083,278649,279187,279688,280180,280693,281200,281635
Belarus,BLR,"Population, total",SP.POP.TOTL,8610000,8696496,8785648,8874552,8960304,9040000,9115576,9188968,9257272,9317584,9367000,9411000,9463000,9525000,9584000,9643000,9710000,10140000,10170000,10189348,10194050,10216470,10239050,10226955,10193831,10159569,10117433,10071963,10026738,9979610,9928549,9865548,9796749,9730146,9461643,9446836,9443211,9448515,9461076,9469379,9458989,9438785,9419758,9379952,9302585,9208701
Belgium,BEL,"Population, total",SP.POP.TOTL,9463667,9527807,9580991,9618756,9646032,9655549,9673162,9711115,9741720,9772419,9800700,9818227,9830358,9839534,9848382,9859242,9858982,9901664,9937697,9967379,10004486,10045158,10084475,10115603,10136811,10156637,10181245,10203008,10226419,10251250,10286570,10332785,10376133,10421137,11038264,11106932,11159407,11209057,11274196,11331422,11375158,11427054,11488980,11538604,11592952,11669446
Belize,BLZ,"Population, total",SP.POP.TOTL,104838,108062,111411,114825,118145,120905,123091,125054,126875,128620,130801,133471,136183,138933,141823,145133,148764,174817,178695,182589,186462,190299,194177,198416,203556,209840,217117,224907,232733,240406,248100,255987,263998,272128,329538,337059,344688,352335,359871,367313,374693,382066,389095,394921,400031,405272
Benin,BEN,"Population, total",SP.POP.TOTL,2735843,2788642,2843739,2901218,2961166,3023443,3088381,3156408,3227380,3301276,3378703,3460329,3546454,3636927,3732394,3833939,3941569,4831624,4979680,5133419,5293046,5457778,5706181,5923394,6046511,6203860,6387026,6584183,6788589,6998023,7212041,7431783,7659208,7894554,9726380,10014078,10308730,10614844,10932783,11260085,11596779,11940683,12290444,12643123,12996895,13352864
Bermuda,BMU,"Population, total",SP.POP.TOTL,50100,51000,52000,53000,54000,55000,54600,54200,53800,53400,53000,53200,53400,53600,53800,54670,55050,58347,58841,59326,59021,58595,58910,59320,59746,60129,60497,60943,61285,61833,62504,62912,63325,63740,64564,64798,65001,65138,65237,64554,63873,63918,63911,63893,63764,63532
Bhutan,BTN,"Population, total",SP.POP.TOTL,255010,262976,271339,280102,289296,298894,308837,319128,329800,340842,352269,364119,376387,389072,402063,415257,428641,529051,544209,558442,567710,545944,520838,521260,527536,537494,546865,557143,570990,587207,603234,619048,634627,649991,713331,721145,728889,736357,743274,749761,756121,762096,767459,772506,777486,782455
Bolivia,BOL,"Population, total",SP.POP.TOTL,4115511,4204065,4295269,4389249,4486098,4585693,4688267,4793804,4902248,5013765,5127776,5244355,5363917,5486132,5610380,5736088,5862990,6804072,6949139,7096194,7244891,7394419,7544489,7693722,7841471,7989367,8137619,8286928,8439052,8592656,8746084,8900583,9057378,9216279,10396246,10569697,10743349,10916987,11090085,11263015,11435533,11606905,11777315,11936162,12079472,12224110
Bosnia and Herzegovina,BIH,"Population, total",SP.POP.TOTL,3565517,3620849,3673367,3723067,3770376,3815561,3859242,3901895,3943152,3983063,4022090,4060039,4096516,4131521,4165511,4199820,4235970,4463320,4481230,4494310,4502386,4275730,3942981,3762330,3750527,3907751,4047748,4115059,4153014,4179350,4194932,4198410,4183757,4142860,3743142,3674374,3617559,3571068,3524324,3480986,3440027,3400129,3360711,3318407,3270943,3233526
Botswana,BWA,"Population, total",SP.POP.TOTL,570975,574855,578723,582655,586737,592244,604139,626601,657246,691569,727930,766424,806968,849394,893500,938578,982747,1261272,1301671,1341474,1380584,1420695,1462262,1503544,1543634,1582169,1619354,1655699,1691558,1726985,1761930,1795130,1826863,1859085,2134037,2175425,2217278,2260376,2305171,2352416,2401840,2451409,2499702,2546402,2588423,2630296
Brazil,BRA,"Population, total",SP.POP.TOTL,84623747,86979283,89323288,91659246,94000381,96369875,98766288,101194394,103666904,106167372,108700515,111286504,113939886,116664382,119447303,122288383,125168060,145253973,148003411,150706446,153336445,155900790,158440875,160980472,163515328,166037122,168546707,171039804,173486281,175873720,178211881,180476685,182629278,184722043,198185302,199977707,201721767,203459650,205188205,206859578,208504960,210166592,211782878,213196304,214326223,215313498
British Virgin Islands,VGB,"Population, total",SP.POP.TOTL,8018,8139,8337,8649,9117,9581,9813,9907,10018,10146,10282,10428,10578,10727,10876,11109,11472,14593,15091,15617,16090,16476,16855,17255,17674,18120,18591,19079,19586,20104,20657,21288,21982,22715,27962,28421,28657,28971,29366,29739,30060,30335,30610,30910,31122,31305
Brunei Darussalam,BRN,"Population, total",SP.POP.TOTL,107686,112597,117628,122764,128012,133343,138666,143886,149065,154314,159653,165064,170560,176176,181951,187921,194099,245729,253821,261928,269860,277416,284713,291935,299097,306196,313215,320152,327045,333926,340748,347463,354045,360461,401506,406634,411702,416656,421437,425994,430276,434274,438048,441725,445373,449002
Bulgaria,BGR,"Population, total",SP.POP.TOTL,8204168,8258057,8310226,8369603,8434172,8489574,8536395,8576200,8620967,8678745,8720742,8758599,8804183,8814032,8825940,8861535,8891117,8981446,8876972,8718289,8632367,8540164,8472313,8443591,8406067,8362826,8312068,8256786,8210624,8170172,8009142,7837161,7775327,7716860,7348328,7305888,7265115,7223938,7177991,7127822,7075947,7025037,6975761,6934015,6877743,6465097
Burkina Faso,BFA,"Population, total",SP.POP.TOTL,5157929,5242797,5330613,5422119,5515747,5611666,5707793,5805283,5907742,6018141,6138444,6269765,6416569,6577779,6749939,6932967,7123730,8663720,8895234,9131361,9365064,9598555,9840075,10091256,10353263,10621210,10897353,11201063,11533554,11882888,12249764,12632269,13030591,13445977,16602651,17113732,17636408,18169842,18718019,19275498,19835858,20392723,20951639,21522626,22100683,22673762
Burundi,BDI,"Population, total",SP.POP.TOTL,3118134,3193378,3274493,3352397,3424429,3497834,3582070,3579195,3571450,3660032,3749232,3830889,3927428,4039410,4137437,4312834,4490743,5271840,5373697,5483793,5594828,5743085,5555220,5586408,5932783,5930507,5923862,6035340,6180180,6307659,6465729,6648938,6860846,7120496,9455733,9795479,10149577,10494913,10727148,10903327,11155593,11493472,11874838,12220227,12551213,12889576
Cabo Verde,CPV,"Population, total",SP.POP.TOTL,244156,252238,260648,269408,278524,287262,293505,296818,299191,301682,304375,307015,309389,311685,313995,317234,321634,353233,358150,364563,372721,381947,391749,401655,411382,421007,430654,440214,449627,458251,465958,473231,480089,486583,527521,533864,539940,546076,552166,558394,564954,571202,577030,582640,587925,593149
Cambodia,KHM,"Population, total",SP.POP.TOTL,6170727,6299230,6426445,6553109,6679708,6708525,6696324,6766289,6852360,6913408,6727922,6307122,6040197,5961193,6051808,6198959,6364472,8269780,8570928,8910808,9259362,9718215,10243550,10636353,10919528,11182612,11431569,11669077,11899006,12118841,12338192,12561779,12787710,13016371,14573885,14786640,14999683,15210817,15417523,15624584,15830689,16025238,16207746,16396860,16589023,16767842
Cameroon,CMR,"Population, total",SP.POP.TOTL,5690086,5829580,5975087,6127193,6286232,6452787,6627350,6809468,6998688,7194697,7397417,7598028,7796825,8013279,8243377,8519891,8829048,10759573,11089222,11430520,11777719,12128604,12486773,12848862,13211647,13575324,13941181,14314599,14698973,15091594,15493253,15914033,16354326,16809407,20448873,21032684,21632850,22299585,23012646,23711630,24393181,25076747,25782341,26491087,27198628,27914536
Canada,CAN,"Population, total",SP.POP.TOTL,19678000,20048000,20412000,20744000,21028000,21324000,21962032,22218463,22491777,22807969,23143275,23449808,23725843,23963203,24201544,24515667,24819915,26791747,27276781,27691138,28037420,28371264,28684764,29000663,29302311,29610218,29905948,30155173,30401286,30685730,31020902,31360079,31644028,31940655,34339328,34714222,35082954,35437435,35702908,36109487,36545236,37065084,37601230,38007166,38226498,38929902
Cayman Islands,CYM,"Population, total",SP.POP.TOTL,9366,9566,9771,9981,10181,10533,11117,11778,12443,13118,13791,14456,15116,15746,16378,17100,17904,23956,24888,26027,27340,28677,30038,31418,32802,34194,35579,36947,38295,39658,41054,42456,43862,45286,55492,56860,58212,59559,60911,62255,63581,64884,66134,67311,68136,68706
Central African Republic,CAF,"Population, total",SP.POP.TOTL,1849171,1888853,1930861,1975257,2021519,2067356,2111224,2153613,2195905,2239305,2283927,2318349,2342048,2365957,2390329,2415276,2441010,2657235,2724109,2809221,2898052,2991727,3089146,3187844,3276706,3363570,3458472,3555064,3655360,3759170,3844773,3930648,4026841,4115138,4732022,4773306,4802428,4798734,4819333,4904177,4996741,5094780,5209324,5343020,5457154,5579144
Chad,TCD,"Population, total",SP.POP.TOTL,3336338,3398664,3461664,3526770,3595152,3667394,3742534,3824399,3912905,4000559,4084110,4163051,4238551,4313479,4402942,4408230,4409225,5483038,5670619,5827069,6042428,6302926,6448280,6592998,6888856,7200291,7450874,7709115,7981889,8259137,8538804,8838369,9196366,9613503,12317730,12754906,13216766,13697126,14140274,14592585,15085884,15604210,16126866,16644701,17179740,17723315
Channel Islands,CHI,"Population, total",SP.POP.TOTL,114832,116116,117430,118707,119884,121003,122162,123348,124465,125486,126393,127052,127425,127667,127850,127984,128510,137765,139228,140601,141557,142011,142291,142466,142559,142898,143549,144211,144811,145306,146044,147167,148341,149538,157819,158621,159794,160912,162190,163721,165215,167259,169410,171113,172683,174079
Chile,CHL,"Population, total",SP.POP.TOTL,8994936,9161649,9326268,9491502,9656299,9820481,9984378,10145765,10307842,10472743,10639531,10804869,10969861,11137748,11304331,11469828,11637613,12918389,13128619,13342868,13561945,13782297,13998386,14210674,14416796,14615483,14809289,14996742,15176410,15351799,15523978,15693790,15859112,16017966,17173573,17341771,17509925,17687108,17870124,18083879,18368577,18701450,19039485,19300315,19493184,19603733
China,CHN,"Population, total",SP.POP.TOTL,715185000,735400000,754550000,774510000,796025000,818315000,841105000,862030000,881940000,900350000,916395000,930685000,943455000,956165000,969005000,981235000,993885000,1101630000,1118650000,1135185000,1150780000,1164970000,1178440000,1191835000,1204855000,1217550000,1230075000,1241935000,1252735000,1262645000,1271850000,1280400000,1288400000,1296075000,1345035000,1354190000,1363240000,1371860000,1379860000,1387790000,1396215000,1402760000,1407745000,1411100000,1412360000,1412175000
Colombia,COL,"Population, total",SP.POP.TOTL,18275814,18811407,19343961,19872503,20392264,20905254,21405413,21898055,22396318,22897871,23403731,23913002,24443926,25003608,25579323,26176195,26785982,31256727,31923117,32601393,33272628,33939039,34614735,35295461,35970101,36632573,37291946,37944414,38585033,39215135,39837875,40454050,41057687,41648268,45308899,45782417,46237930,46677947,47119728,47625955,48351671,49276961,50187406,50930662,51516562,51874024
Comoros,COM,"Population, total",SP.POP.TOTL,214939,219369,224321,229971,236002,242351,249066,256187,263728,271719,280036,288810,298152,307938,318123,328328,337986,408070,419584,431119,442277,452990,463318,473478,483760,494288,505033,515959,526443,536758,547741,559047,570130,581154,670071,684553,699393,714612,730216,746232,761664,776313,790986,806166,821625,836774
"Congo, Dem. Rep.",COD,"Population, total",SP.POP.TOTL,17438254,17941738,18472105,19022799,19583123,20151733,20712952,21273409,21853906,22448415,23052715,23655016,24256464,25015244,25902760,26708686,27457783,33750052,34825891,35987541,37194812,38332302,39580844,41511985,43285791,44118709,44822198,45895524,47227238,48616317,50106657,51662071,53205639,54815607,68654269,70997870,73460021,76035588,78656904,81430977,84283273,87087355,89906890,92853164,95894118,99010212
"Congo, Rep.",COG,"Population, total",SP.POP.TOTL,1207412,1242116,1278312,1316130,1355699,1396989,1440159,1485274,1532069,1580280,1624935,1665418,1706181,1747207,1788218,1829256,1870540,2253336,2319177,2385435,2452675,2520958,2594168,2669220,2742309,2816595,2875037,2937166,3016659,3134030,3254101,3331158,3424653,3543012,4584216,4713257,4828066,4944861,5064386,5186824,5312340,5441062,5570733,5702174,5835806,5970424
Costa Rica,CRI,"Population, total",SP.POP.TOTL,1602736,1654619,1706062,1756333,1805968,1855697,1905486,1955547,2006247,2058235,2111850,2167544,2225630,2286210,2349258,2414303,2481334,3001461,3079001,3158253,3239414,3321939,3405372,3489152,3572856,3656234,3739421,3821421,3901430,3979193,4053222,4122623,4188610,4252800,4679926,4736593,4791535,4844288,4895242,4945205,4993842,5040734,5084532,5123105,5153957,5180829
Cote d'Ivoire,CIV,"Population, total",SP.POP.TOTL,4492890,4671196,4856689,5050106,5255149,5477086,5718867,5979984,6257373,6548923,6853981,7142690,7415900,7700816,7996368,8303810,8621621,11043193,11462943,11910540,12369269,12838314,13316448,13802285,14299727,14810946,15335453,15858990,16345894,16799670,17245468,17683897,18116451,18544903,21562914,22010712,22469268,22995555,23596741,24213622,24848016,25493988,26147551,26811790,27478249,28160542
Croatia,HRV,"Population, total",SP.POP.TOTL,4280923,4310701,4338683,4365628,4391490,4412252,4431275,4450564,4470161,4490660,4512082,4535934,4559571,4581085,4594778,4599782,4611509,4755207,4767260,4777368,4689022,4575818,4600463,4652024,4620030,4557097,4534920,4532135,4512597,4468302,4299642,4302174,4303399,4304600,4280622,4267558,4255689,4238389,4203604,4174349,4124531,4087843,4065253,4047680,3879000,3854000
Cuba,CUB,"Population, total",SP.POP.TOTL,8067651,8230450,8390962,8550286,8709654,8869636,9025709,9169289,9297924,9413105,9514305,9600862,9672546,9729986,9774711,9809107,9848560,10425433,10527187,10626680,10713812,10783748,10840934,10887207,10926703,10963031,10998129,11033758,11070094,11105791,11139127,11170051,11199217,11225294,11298710,11309290,11321579,11332026,11339894,11342012,11336405,11328244,11316697,11300698,11256372,11212191
Curacao,CUW,"Population, total",SP.POP.TOTL,135266,136682,138140,140298,142581,144739,147389,147710,146912,148351,149129,149399,149459,148341,147851,148041,148629,149254,146937,145400,144403,143912,144299,144630,145139,146306,146956,144472,139428,133860,129047,129205,131897,134192,150831,152088,153822,155909,157980,159664,160175,159336,157441,154947,152369,149996
Cyprus,CYP,"Population, total",SP.POP.TOTL,617345,622566,627695,632452,636821,640804,644413,647620,650705,648585,644982,648868,656414,663975,671611,679327,687170,766412,777592,788500,799061,810431,825986,844444,862418,880058,897471,914660,931600,948237,964830,982194,1000350,1018684,1145086,1156556,1166968,1176995,1187280,1197881,1208523,1218831,1228836,1237537,1244188,1251488
Czechia,CZE,"Population, total",SP.POP.TOTL,9779358,9821040,9852899,9876346,9896580,9858071,9826815,9867632,9922266,9988459,10058620,10125939,10186755,10242098,10292341,10304193,10300591,10355276,10361068,10333355,10308578,10319123,10329855,10333587,10327253,10315241,10304131,10294373,10283860,10255063,10216605,10196916,10193998,10197101,10496088,10510785,10514272,10525347,10546059,10566332,10594438,10629928,10671870,10697858,10505772,10526073
Denmark,DNK,"Population, total",SP.POP.TOTL,4759012,4797381,4835354,4864883,4891860,4928757,4963126,4991596,5021861,5045297,5059862,5072596,5088419,5104248,5116801,5123027,5121572,5129516,5132594,5140939,5154298,5171370,5188628,5206180,5233373,5263074,5284991,5304219,5321799,5339616,5358783,5375931,5390574,5404523,5570572,5591572,5614932,5643475,5683483,5728010,5764980,5793636,5814422,5831404,5856733,5903037
Djibouti,DJI,"Population, total",SP.POP.TOTL,108772,114874,121168,127668,135390,144379,154225,165234,177327,191389,208582,229304,253083,278425,302856,324121,341316,482337,521104,577173,628521,623197,611231,623477,629619,644649,667786,694920,719371,742033,765490,789129,806411,818373,936811,954297,971753,989087,1006259,1023261,1040233,1057198,1073994,1090156,1105557,1120849
Dominica,DMA,"Population, total",SP.POP.TOTL,63744,64728,65760,66865,68007,68895,69430,69870,70334,70822,71300,71748,72142,72478,72768,72978,72932,70397,69975,69481,69141,69112,69169,69198,69201,69166,69081,68938,68698,68346,68153,68262,68442,68574,68742,68888,68819,69371,70007,70075,70403,70823,71428,71995,72412,72737
Dominican Republic,DOM,"Population, total",SP.POP.TOTL,3868712,3987090,4108916,4230877,4352954,4475871,4599841,4724801,4851183,4978582,5106453,5235318,5365074,5495443,5625864,5755800,5885244,6834207,6980033,7129004,7278402,7427340,7576074,7723934,7869753,8012314,8150076,8282126,8411374,8540791,8669040,8795101,8919852,9043127,9903737,10030882,10157051,10282115,10405832,10527592,10647244,10765531,10881882,10999664,11117873,11228821
Ecuador,ECU,"Population, total",SP.POP.TOTL,5337351,5495761,5658446,5825663,5997037,6172215,6350944,6533630,6720443,6911123,7105786,7304349,7506665,7712718,7922490,8135845,8352602,9969788,10210185,10449837,10686279,10914222,11132829,11347652,11561683,11775221,11987838,12199693,12412046,12626507,12845521,13070609,13301184,13534593,15237728,15483883,15722989,15957994,16195902,16439585,16696944,17015672,17343740,17588595,17797737,18001000
"Egypt, Arab Rep.",EGY,"Population, total",SP.POP.TOTL,30818469,31613132,32408414,33204629,33995955,34781986,35555969,36330768,37120776,37930374,38775584,39649050,40577356,41576636,42632458,43748556,44899573,54298446,55765843,57214630,58611032,59989142,61382200,62775847,64166908,65565195,66993728,68446011,69907887,71371371,72854261,74393759,75963322,77522427,89200054,91240376,93377890,95592324,97723799,99784030,101789386,103740765,105618671,107465134,109262178,110990103
El Salvador,SLV,"Population, total",SP.POP.TOTL,3179506,3266436,3354611,3443251,3530958,3619090,3708010,3798109,3890639,3984049,4076751,4166890,4256699,4346522,4433041,4508992,4549173,5170440,5270825,5367179,5461070,5552206,5630987,5693038,5748195,5797140,5842638,5885083,5923852,5958482,5988095,6011275,6026849,6035655,6137349,6161289,6185642,6209526,6231066,6250510,6266654,6276342,6280217,6292731,6314167,6336392
Equatorial Guinea,GNQ,"Population, total",SP.POP.TOTL,295010,301517,308374,315325,318846,316955,311952,305362,298050,290558,283262,276000,271377,270866,273925,282509,296950,431587,448420,465549,483142,501334,520236,539992,560740,582573,605570,629734,655029,684977,719270,754115,789681,826355,1144588,1193636,1243941,1295183,1346973,1398927,1450694,1502091,1553031,1596049,1634466,1674908
Eritrea,ERI,"Population, total",SP.POP.TOTL,1121739,1150264,1179554,1209602,1240562,1272748,1306234,1340838,1376516,1413220,1450867,1489656,1529802,1571193,1613829,1657982,1703789,2051546,2102131,2149960,2039220,1921153,1981419,2042500,2157220,2264073,2291561,2322753,2356477,2392880,2461927,2547424,2653390,2763140,3207570,3252596,3296367,3323425,3340006,3365287,3396933,3445374,3498818,3555868,3620312,3684032
Estonia,EST,"Population, total",SP.POP.TOTL,1294566,1308597,1318946,1331214,1345249,1360076,1376955,1392518,1405951,1418169,1429352,1439576,1450211,1460188,1468333,1477219,1487666,1561900,1568131,1569174,1561314,1533091,1494128,1462514,1436634,1415594,1399535,1386156,1390244,1396985,1388115,1379350,1370720,1362550,1327439,1322696,1317997,1314545,1315407,1315790,1317384,1321977,1326898,1329522,1330932,1344768
Eswatini,SWZ,"Population, total",SP.POP.TOTL,388317,398861,409638,420373,431366,442865,454913,467512,480668,494624,509535,525457,542328,560236,579091,598564,616210,794434,825952,854011,889712,925165,953451,953737,953573,973587,990734,1005158,1018370,1030496,1041396,1050809,1058797,1065764,1105371,1111444,1118319,1125865,1133936,1142524,1151390,1160428,1169613,1180655,1192271,1201670
Ethiopia,ETH,"Population, total",SP.POP.TOTL,24727506,25377645,26051596,26778653,27530388,28308246,29099594,29891328,30694316,31488613,32252783,33062216,33695018,34259065,34758823,34945469,35818844,44511537,46195954,47878073,49937430,52011554,53791672,55620211,57476536,59347649,61233480,63136493,65077579,67031867,69018932,71073215,73168838,75301026,91817929,94451280,97084366,99746766,102471895,105293228,108197950,111129438,114120594,117190911,120283026,123379924
Faroe Islands,FRO,"Population, total",SP.POP.TOTL,36346,36825,37234,37630,38011,38416,38861,39304,39746,40189,40626,41054,41481,41965,42506,43054,43613,46959,47490,47479,46810,46005,45096,44131,43805,44138,44495,44865,45203,45660,46245,46813,47392,47989,48386,48392,48418,48465,48816,49500,50230,50955,51681,52415,52889,53090
Fiji,FJI,"Population, total",SP.POP.TOTL,469010,482358,494632,505979,516952,527634,538000,547918,557244,566296,575804,586607,599289,613611,628859,644582,660630,764370,772704,780430,784832,786859,789198,790803,792246,796538,804572,813947,823422,832509,841320,849891,858306,866694,908355,911059,913453,915560,917200,918371,919019,918996,918465,920422,924610,929766
Finland,FIN,"Population, total",SP.POP.TOTL,4563732,4580869,4605744,4626469,4623785,4606307,4612124,4639657,4666081,4690574,4711440,4725664,4738902,4752528,4764690,4779535,4799964,4946481,4964371,4986431,5013740,5041992,5066447,5088333,5107790,5124573,5139835,5153498,5165474,5176209,5188008,5200598,5213014,5228172,5388272,5413971,5438972,5461512,5479531,5495303,5508214,5515525,5521606,5529543,5541017,5556880
France,FRA,"Population, total",SP.POP.TOTL,49282756,49817041,50334012,50817020,51272683,51724116,52185222,52637888,53053660,53415250,53715733,53966558,54221988,54486195,54753575,55052582,55371044,57472651,57766282,58044701,58557577,58849943,59106166,59327585,59543659,59756533,59969944,60192790,60504420,60921384,61367388,61816234,62256970,62716306,65345233,65662240,66002289,66312067,66548272,66724104,66918020,67158348,67388001,67571107,67749632,67935660
French Polynesia,PYF,"Population, total",SP.POP.TOTL,98674,102281,105995,109832,113803,117891,122108,126457,130883,135349,139833,144356,149007,153745,158563,163591,168892,201740,206571,211089,215444,219621,223714,227682,231446,235189,239036,242882,246821,250927,255049,259137,263173,267132,285265,286584,288032,289873,291787,293541,295450,297606,299717,301920,304032,306279
Gabon,GAB,"Population, total",SP.POP.TOTL,547535,555748,564436,573611,584628,597192,609693,622289,635288,648922,663340,678660,694931,712135,730188,749078,768904,930464,956509,983028,1009995,1037446,1065390,1093611,1121964,1150601,1179806,1209832,1240764,1272935,1306590,1341696,1378398,1417110,1772500,1836705,1902226,1966855,2028517,2086206,2140215,2192012,2242785,2292573,2341179,2388992
"Gambia, The",GMB,"Population, total",SP.POP.TOTL,458908,471753,485132,499151,513686,528731,544317,560553,577488,594904,612909,631894,651934,672974,695155,718586,742846,960837,999732,1040616,1083536,1127152,1168309,1205882,1242155,1279070,1317002,1356189,1396499,1437539,1479449,1522223,1566257,1612225,1998212,2061014,2124869,2189019,2253133,2317206,2381182,2444916,2508883,2573995,2639916,2705992
Georgia,GEO,"Population, total",SP.POP.TOTL,3921600,3966700,4005800,4042300,4080300,4119900,4163000,4205300,4242500,4279500,4311200,4342400,4372100,4397700,4430200,4467700,4504500,4790700,4803300,4802000,4835900,4873500,4911100,4836076,4657722,4491699,4349913,4243607,4157192,4077131,4014373,3978515,3951736,3927340,3756441,3728874,3717668,3719414,3725276,3727505,3728004,3726549,3720161,3722716,3708610,3712502
Germany,DEU,"Population, total",SP.POP.TOTL,75963695,76600311,76951336,77294314,77909682,78169289,78312842,78688452,78936666,78967433,78673554,78336950,78159814,78091820,78126350,78288576,78407907,78144619,78751283,79433029,80013896,80624598,81156363,81438348,81678051,81914831,82034771,82047195,82100243,82211508,82349925,82488495,82534176,82516260,80274983,80425823,80645605,80982500,81686611,82348669,82657002,82905782,83092962,83160871,83196078,84079811
Ghana,GHA,"Population, total",SP.POP.TOTL,7827726,8019658,8216086,8418152,8629855,8861895,9108878,9365952,9637197,9918979,10209848,10509006,10825496,11163230,11515675,11865246,12212960,14671677,15052447,15446982,15843471,16241548,16643633,17040854,17438874,17844010,18268040,18714708,19176791,19665502,20195577,20758326,21329514,21906444,26205941,26858762,27525597,28196358,28870939,29554303,30222262,30870641,31522290,32180401,32833031,33475870
Gibraltar,GIB,"Population, total",SP.POP.TOTL,23910,24477,25047,25610,26162,26685,27069,27323,27558,27779,27973,28162,28337,28485,28618,28734,28819,28000,27688,27317,26988,26945,27118,27282,27412,27491,27564,27636,27695,27741,27721,27892,28301,28716,31701,32160,32411,32452,32520,32565,32602,32648,32685,32709,32669,32649
Greece,GRC,"Population, total",SP.POP.TOTL,8550333,8613651,8684088,8740765,8772764,8792806,8831036,8888628,8929086,8962022,9046541,9188150,9308479,9429959,9548258,9642505,9729350,10036983,10089498,10196792,10319927,10399061,10460415,10512922,10562153,10608800,10661259,10720509,10761698,10805808,10862132,10902022,10928070,10955141,11104899,11045011,10965211,10892413,10820883,10775971,10754679,10732882,10721582,10698599,10641221,10566531
Greenland,GRL,"Population, total",SP.POP.TOTL,39200,40500,41900,43400,44900,46400,47200,48300,49000,49500,49600,49700,49400,49200,49600,50200,51000,54800,55300,55600,55500,55300,55200,55500,55800,55900,56000,56100,56100,56200,56350,56609,56765,56911,56890,56810,56483,56295,56114,56186,56172,56023,56225,56367,56653,56661
Grenada,GRD,"Population, total",SP.POP.TOTL,98226,98692,98977,99056,98975,98794,98535,98225,97886,97528,97165,96781,96329,95811,95242,94838,95222,99877,99224,99047,99758,101040,102173,103174,104060,104846,105549,106200,106823,107432,107936,108231,108740,109516,114918,115912,116945,117972,118980,119966,120921,121838,122724,123663,124610,125438
Guam,GUM,"Population, total",SP.POP.TOTL,80255,81879,83480,85046,86534,88300,90505,92815,95100,97329,99478,101590,103676,105710,107790,110286,113221,133079,135759,138263,140739,143173,145541,147843,150094,152261,154330,156357,158395,160188,161524,162563,163385,164004,165649,166392,167054,167543,167978,168346,168606,168678,168624,169231,170534,171774
Guatemala,GTM,"Population, total",SP.POP.TOTL,4774984,4910790,5047435,5184095,5320100,5455197,5589563,5723759,5858466,5994300,6131151,6269983,6412667,6561919,6720582,6890346,7071186,8566331,8805995,9050115,9296814,9544055,9790619,10037522,10286786,10536942,10788362,11046215,11311078,11589761,11871565,12147518,12415334,12682108,14521515,14781942,15043981,15306316,15567419,15827690,16087418,16346950,16604026,16858333,17109746,17357886
Guinea,GIN,"Population, total",SP.POP.TOTL,3845074,3916780,3990760,4067333,4145194,4222374,4298087,4372212,4445207,4517073,4588006,4658743,4730375,4804926,4885199,4972609,5067427,5977175,6136166,6354145,6615734,6832195,7046097,7262112,7468347,7683115,7842806,7992545,8174897,8336967,8445717,8577790,8772254,8961039,10527712,10788692,11055430,11333365,11625998,11930985,12240789,12554864,12877539,13205153,13531906,13859341
Guinea-Bissau,GNB,"Population, total",SP.POP.TOTL,577638,570375,573380,583475,587880,591663,594501,595950,603203,623576,659635,701016,746588,794328,821598,831462,844957,943080,958239,973551,993856,1022904,1056761,1089617,1117222,1140604,1162443,1184071,1206474,1230849,1257380,1285678,1315653,1347009,1609017,1652717,1697753,1743309,1788919,1834552,1879826,1924955,1970457,2015828,2060721,2105566
Guyana,GUY,"Population, total",SP.POP.TOTL,650207,663241,675064,685887,695919,705261,713904,721994,729865,737701,745590,753553,761378,768609,774482,778176,779686,758450,752897,747116,744096,744998,747189,749546,751689,753571,755211,756697,758014,759051,759809,760323,760562,760424,744230,743966,747420,751115,755031,759087,763252,785514,798753,797202,804567,808726
Haiti,HTI,"Population, total",SP.POP.TOTL,4274348,4352949,4432716,4514006,4596642,4680812,4766423,4853117,4940710,5030652,5124560,5222342,5323827,5428667,5536423,5646676,5760197,6644959,6784161,6925331,7066055,7205780,7345940,7486091,7627316,7770593,7915172,8060896,8208941,8360225,8511728,8661546,8812245,8961489,9954312,10108539,10261206,10412740,10563757,10713849,10863543,11012421,11160438,11306801,11447569,11584996
Honduras,HND,"Population, total",SP.POP.TOTL,2403465,2474523,2547497,2622982,2701381,2782753,2867501,2956021,3046715,3136539,3231631,3334814,3441122,3550368,3662736,3777990,3895736,4778114,4913676,5053234,5196887,5344774,5496841,5652934,5812832,5976550,6144112,6308537,6477365,6656725,6837861,7019908,7201881,7383407,8622504,8792367,8960657,9127846,9294505,9460798,9626842,9792850,9958829,10121763,10278345,10432860
"Hong Kong SAR, China",HKG,"Population, total",SP.POP.TOTL,3597900,3629900,3722800,3802700,3863900,3959000,4045300,4123600,4241600,4377800,4461600,4518000,4583700,4667500,4929700,5063100,5183400,5627600,5686200,5704500,5752000,5800500,5901000,6035400,6156100,6435500,6489300,6543700,6606500,6665000,6714300,6744100,6730800,6783500,7071600,7150100,7178900,7229500,7291300,7336600,7393200,7452600,7507900,7481000,7413100,7346100
Hungary,HUN,"Population, total",SP.POP.TOTL,10147935,10178653,10216604,10255815,10298723,10337910,10367537,10398489,10432055,10478720,10540525,10598677,10648031,10684822,10704152,10711122,10711848,10596487,10481719,10373988,10373400,10369341,10357523,10343355,10328965,10311238,10290486,10266570,10237530,10210971,10187576,10158608,10129552,10107146,9971727,9920362,9893082,9866468,9843028,9814023,9787966,9775564,9771141,9750149,9709891,9683505
Iceland,ISL,"Population, total",SP.POP.TOTL,192286,195570,198751,201488,203369,204438,206098,209137,212317,215209,217979,220154,221799,223537,225735,228138,230755,249740,252852,254826,257797,261057,263725,266021,267468,268916,271128,274047,277381,281205,284968,287523,289521,292074,319014,320716,323764,327386,330815,335439,343400,352721,360563,366463,372520,381900
India,IND,"Population, total",SP.POP.TOTL,500114346,510992617,521987069,533431909,545314670,557501301,569999178,582837973,596107483,609721951,623524219,637451448,651685628,666267760,681248383,696828385,712869298,833729681,852012673,870452165,888941756,907574049,926351297,945261958,964279129,983281218,1002335230,1021434576,1040500054,1059633675,1078970907,1098313039,1117415123,1136264583,1257621191,1274487215,1291132063,1307246509,1322866505,1338636340,1354195680,1369003306,1383112050,1396387127,1407563842,1417173173
Indonesia,IDN,"Population, total",SP.POP.TOTL,101157868,103561105,106260749,109138723,112149246,115228394,118347135,121504145,124709058,127945196,131213215,134521025,137861540,141250964,144693087,148177096,151686337,175694647,178949174,182159874,185361228,188558416,191737287,194928533,198140162,201373791,204628007,207855486,210996910,214072421,217112437,220115092,223080121,225938595,247099697,250222695,253275918,256229761,259091970,261850182,264498852,267066843,269582878,271857970,273753191,275501339
"Iran, Islamic Rep.",IRN,"Population, total",SP.POP.TOTL,24667026,25398700,26133341,26875302,27643685,28449705,29273682,30111574,30981898,31895534,32856976,33841060,34876497,35993661,37205013,38520664,40476251,52111868,53644736,55793629,57990883,59372016,59755430,59985749,60794809,61598378,62480533,63461421,64474745,65544383,66674851,67327117,67954699,69061674,76342971,77324451,78458928,79961672,81790841,83306231,84505076,85617562,86564202,87290193,87923432,88550570
Iraq,IRQ,"Population, total",SP.POP.TOTL,8270544,8553883,8848502,9156132,9476737,9811347,10154928,10507315,10872139,11243146,11617622,11999342,12400190,12819707,13233830,13653369,14067260,16987346,17442590,17658381,17846378,18385673,19295818,20248073,20948858,21639332,22330770,23053488,23820734,24628858,25425663,26255343,27068823,27858948,32378061,33864447,35481800,36746488,37757813,38697943,39621162,40590700,41563520,42556984,43533592,44496122
Ireland,IRL,"Population, total",SP.POP.TOTL,2877300,2888800,2902450,2915550,2932650,2957250,2992050,3036850,3085950,3137500,3189550,3238050,3282200,3329100,3373750,3412800,3453000,3524949,3511009,3513974,3534235,3558430,3576261,3590386,3608841,3637510,3674171,3712696,3754786,3805174,3866243,3931947,3996521,4070262,4580084,4599533,4623816,4657740,4701957,4755335,4807388,4867316,4934340,4985382,5033165,5086988
Isle of Man,IMN,"Population, total",SP.POP.TOTL,50057,50718,51731,52910,54099,55298,56431,57419,58325,59179,59949,60701,61506,62333,63172,64022,64558,66636,67740,68865,69770,70307,70710,71094,71454,71981,72793,73727,74668,75562,76398,77183,77939,78677,84350,84338,84144,83896,83593,83450,83580,83775,83933,84046,84263,84519
Israel,ISR,"Population, total",SP.POP.TOTL,2563000,2629000,2745000,2803000,2877000,2974000,3069000,3148000,3278000,3377000,3455000,3533000,3613000,3690000,3786000,3878000,3956000,4442000,4518000,4660000,4949000,5123000,5261000,5399000,5545000,5692000,5836000,5971000,6125000,6289000,6439000,6570000,6689700,6809000,7765800,7910500,8059500,8215700,8380100,8546000,8713300,8882800,9054000,9215100,9364700,9550600
Italy,ITA,"Population, total",SP.POP.TOTL,52112350,52519000,52900500,53235750,53537950,53821850,54073490,54381345,54751406,55110868,55441001,55718260,55955411,56155143,56317749,56433883,56501675,56629288,56671781,56719240,56758521,56797087,56831821,56843400,56844303,56860281,56890372,56906744,56916317,56942108,56974100,57059007,57313203,57685327,59379449,59539717,60233948,60789140,60730582,60627498,60536709,60421760,59729081,59438851,59109668,58856847
Jamaica,JAM,"Population, total",SP.POP.TOTL,1746977,1768803,1790580,1812209,1834615,1859091,1886143,1915299,1945320,1974880,2003094,2029486,2054927,2080485,2106937,2135546,2166657,2354805,2373365,2392030,2411867,2434574,2459062,2484182,2509372,2532894,2554954,2576567,2596271,2612205,2625405,2638244,2651027,2664024,2746169,2759817,2773129,2784543,2794445,2802695,2808376,2811835,2813773,2820436,2827695,2827377
Japan,JPN,"Population, total",SP.POP.TOTL,97952000,98851000,99879000,101011000,102219000,103403000,105697000,107188000,108707000,110162000,111573000,112775000,113872000,114913000,115890000,116807000,117661000,122578000,123069000,123478000,123964000,124425000,124829000,125178000,125472000,125757000,126057000,126400000,126631000,126843000,127149000,127445000,127718000,127761000,127833000,127629000,127445000,127276000,127141000,127076000,126972000,126811000,126633000,126261000,125681593,125124989
Jordan,JOR,"Population, total",SP.POP.TOTL,1093474,1172770,1265680,1366644,1466428,1557374,1636320,1704787,1767414,1827584,1886636,1945141,2005418,2069104,2138078,2216903,2306655,3157177,3310954,3480587,3666379,3866887,4075759,4278166,4458195,4608676,4733665,4844403,4950775,5056174,5163310,5275532,5396117,5532423,7109980,7211863,7694814,8658026,9494246,9964656,10215381,10459865,10698683,10928721,11148278,11285869
Kazakhstan,KAZ,"Population, total",SP.POP.TOTL,10897644,11197568,11491228,11777849,12042478,12265305,12444338,12611997,12789985,12972497,13158942,13346173,13543521,13750291,13957795,14172710,14397391,16430590,16249500,16348000,16451711,16439095,16380672,16145766,15816243,15578227,15334405,15071640,14928374,14883626,14858335,14858948,14909019,15012984,16557202,16792090,17035551,17288285,17542806,17794055,18037776,18276452,18513673,18755666,19000988,19621972
Kenya,KEN,"Population, total",SP.POP.TOTL,9417207,9802605,10201068,10613877,11039551,11473087,11898457,12322903,12760405,13203949,13651908,14102268,14577346,15087423,15620613,16187124,16785962,21626122,22387803,23162269,23918235,24655723,25391830,26133744,26878347,27615736,28364264,29137373,29965129,30851606,31800343,32779823,33767122,34791836,42635144,43725806,44792368,45831863,46851488,47894670,48948137,49953304,50951450,51985780,53005614,54027487
Kiribati,KIR,"Population, total",SP.POP.TOTL,53444,54428,54990,55511,56324,57437,58535,59606,60598,60953,60675,60310,59894,59465,59775,60813,61875,71680,73436,75124,76612,77901,79093,80264,81481,82832,84308,85805,87289,88826,90531,92400,94302,96224,109871,111618,113311,114985,116707,118513,120362,122261,124241,126463,128874,131232
"Korea, Dem. People's Rep.",PRK,"Population, total",SP.POP.TOTL,13105946,13444048,13821409,14216305,14605481,14996879,15381626,15768363,16128122,16437002,16723252,16987170,17231389,17472094,17719172,17973650,18235202,20197464,20494965,20799523,21115534,21439991,21773017,22105225,22385536,22614347,22827373,23023636,23204498,23367059,23512522,23638411,23781707,23948930,24783789,24887770,25001819,25126131,25258015,25389611,25516321,25638149,25755441,25867467,25971909,26069416
"Korea, Rep.",KOR,"Population, total",SP.POP.TOTL,28704674,29435571,30130983,30838302,31544266,32240827,32882704,33505406,34103149,34692266,35280725,35848523,36411795,36969185,37534236,38123775,38723248,42031247,42449038,42869283,43295704,43747962,44194628,44641540,45092991,45524681,45953580,46286503,46616677,47008111,47370164,47644736,47892330,48082519,49936638,50199853,50428893,50746659,51014947,51217803,51361911,51585058,51764822,51836239,51744876,51628117
Kosovo,XKX,"Population, total",SP.POP.TOTL,1078000,1106000,1135000,1163000,1191000,1219000,1247000,1278000,1308000,1339000,1369000,1400000,1430000,1460000,1491000,1521000,1552000,1791000,1827000,1862000,1898000,1932000,1965000,1997000,2029000,2059000,2086000,1966000,1762000,1700000,1701154,1702310,1703466,1704622,1791000,1807106,1818117,1812771,1788196,1777557,1791003,1797085,1788878,1790133,1786038,1761985
Kuwait,KWT,"Population, total",SP.POP.TOTL,513840,565463,621242,681117,743044,802786,858734,913785,970527,1030426,1095998,1168791,1247225,1329074,1412266,1493870,1573026,2129153,2210013,1674938,1339500,1620633,1653645,1641106,1655222,1703318,1761468,1819544,1877427,1934901,1991674,2047364,2101506,2153481,3143825,3394663,3646518,3761584,3908743,4048085,4124904,4317185,4441100,4360444,4250114,4268873
Kyrgyz Republic,KGZ,"Population, total",SP.POP.TOTL,2573300,2655300,2736500,2818300,2894800,2959900,3022300,3088200,3153800,3223900,3292400,3358700,3423900,3487100,3552000,3617400,3685800,4218400,4307500,4391200,4463600,4515400,4516700,4515100,4560400,4628400,4696400,4769000,4840400,4898400,4945100,4990700,5043300,5104700,5514600,5607200,5719600,5835500,5956900,6079500,6198200,6322800,6456200,6579900,6691800,6803300
Lao PDR,LAO,"Population, total",SP.POP.TOTL,2379456,2434861,2491927,2551070,2612111,2675283,2740732,2808290,2877561,2946882,3012720,3072017,3125742,3177945,3233700,3297519,3370993,4074961,4193532,4314443,4437225,4561106,4685296,4807950,4927432,5043914,5150538,5246922,5340056,5430853,5519707,5606101,5689065,5768167,6416327,6508803,6600742,6691454,6787419,6891363,6997917,7105006,7212053,7319399,7425057,7529475
Latvia,LVA,"Population, total",SP.POP.TOTL,2265919,2283217,2301220,2323619,2343173,2359164,2376389,2395674,2415819,2437186,2456130,2470989,2485073,2497921,2505953,2511701,2519421,2653434,2666955,2663151,2650581,2614338,2563290,2520742,2485056,2457222,2432851,2410019,2390482,2367550,2337170,2310173,2287955,2263122,2059709,2034319,2012647,1993782,1977527,1959537,1942248,1927174,1913822,1900449,1884490,1883379
Lebanon,LBN,"Population, total",SP.POP.TOTL,2087445,2145646,2203202,2262291,2323823,2381791,2442137,2505965,2569841,2632880,2691586,3070419,3457617,3183405,2902164,2963702,3027222,3457148,3525502,3593700,3666734,3745407,3818796,3888144,3959640,4034243,4107551,4178784,4250020,4320642,4389200,4446666,4504807,4574797,5045056,5178337,5678851,6274342,6398940,6258619,6109252,5950839,5781907,5662923,5592631,5489739
Lesotho,LSO,"Population, total",SP.POP.TOTL,860220,887841,918923,952992,987909,1023481,1059879,1097242,1135631,1175369,1216180,1256478,1294435,1331213,1368917,1407672,1447501,1733733,1767091,1798997,1829509,1858507,1885478,1910642,1934079,1955098,1972579,1985639,1994243,1998630,1999473,1997534,1993030,1985384,2037677,2054718,2073939,2095242,2118521,2143872,2170617,2198017,2225702,2254100,2281454,2305825
Liberia,LBR,"Population, total",SP.POP.TOTL,1287315,1320315,1354287,1389453,1425879,1463563,1501658,1540995,1582697,1626283,1671632,1718482,1768092,1820861,1875566,1932169,1989690,2439639,2507600,2209731,1939236,2052626,2132771,2125198,2142422,2203966,2383300,2639224,2789743,2895224,2981648,3060599,3085173,3122447,4181150,4331740,4427313,4519398,4612329,4706097,4796631,4889391,4985289,5087584,5193416,5302681
Libya,LBY,"Population, total",SP.POP.TOTL,1700072,1739831,1778578,1819393,1862823,1909177,1958320,2012796,2084256,2179446,2291841,2413760,2541805,2676117,2816917,2962720,3112015,4021565,4130042,4236983,4341971,4444820,4544970,4641296,4733063,4820066,4902346,4980962,5057998,5154790,5275916,5405326,5542641,5687563,6188132,5869870,5985221,6097764,6192235,6282196,6378261,6477793,6569088,6653942,6735277,6812341
Liechtenstein,LIE,"Population, total",SP.POP.TOTL,18500,18957,19467,20011,20558,21089,21517,21873,22251,22638,23030,23416,23803,24205,24616,25003,25346,27944,28357,28765,29168,29581,30012,30447,30890,31337,31770,32190,32615,33026,33376,33693,34000,34300,36189,36505,36806,37096,37355,37609,37889,38181,38482,38756,39039,39327
Lithuania,LTU,"Population, total",SP.POP.TOTL,2971450,3008050,3044400,3078850,3107321,3139689,3179041,3213622,3244438,3273894,3301652,3328664,3355036,3379514,3397842,3413202,3432947,3655049,3684255,3697838,3704134,3700114,3682613,3657144,3629102,3601613,3575137,3549331,3524238,3499536,3470818,3443067,3415213,3377075,3028115,2987773,2957689,2932367,2904910,2868231,2828403,2801543,2794137,2794885,2800839,2833000
Luxembourg,LUX,"Population, total",SP.POP.TOTL,331500,333895,334995,335850,337500,339171,342421,346600,350450,355050,358950,360731,361358,362007,362856,364150,365225,373450,377100,381850,387000,392175,397475,402925,408625,414225,419450,424700,430475,436300,441525,446175,451630,458095,518347,530946,543360,556319,569604,582014,596336,607950,620001,630419,640064,650774
"Macao SAR, China",MAC,"Population, total",SP.POP.TOTL,209278,217232,225151,232929,240416,247284,249832,248669,247838,247280,246919,246661,246405,246048,245605,245332,248695,324478,337336,350227,362390,372370,380712,388779,396641,404297,411700,418776,425518,431896,439122,449665,462533,475529,571003,582766,593374,604167,615239,626688,638609,650991,663653,676283,686607,695168
Madagascar,MDG,"Population, total",SP.POP.TOTL,5780453,5936461,6099529,6270528,6450324,6639751,6840457,7051090,7268560,7491935,7720859,7955197,8195142,8440919,8692289,8948162,9207310,11206789,11536734,11882762,12245260,12623342,13020100,13436121,13869138,14317454,14778903,15250934,15730885,16216431,16709665,17211934,17724310,18250774,22348158,22966240,23588073,24215976,24850912,25501941,26169542,26846541,27533134,28225177,28915653,29611714
Malawi,MWI,"Population, total",SP.POP.TOTL,4089097,4190764,4295762,4403430,4512861,4625141,4742480,4865978,4996239,5134199,5280965,5438226,5611712,5808810,6029140,6267369,6519891,8754781,9174895,9539665,9831584,10115420,10257233,10131799,10112816,10310528,10512678,10732456,10973956,11229387,11498818,11784498,12087965,12411342,15146094,15581251,16024775,16477966,16938942,17405624,17881167,18367883,18867337,19377061,19889742,20405317
Malaysia,MYS,"Population, total",SP.POP.TOTL,9091016,9340240,9582086,9821308,10061684,10306508,10552557,10801619,11062664,11335187,11617947,11910081,12218924,12543892,12875011,13215707,13564594,16524616,17020143,17517054,18017464,18526708,19050077,19588703,20136888,20689051,21249178,21810542,22368655,22945150,23542517,24142445,24739411,25333247,29184133,29660212,30134807,30606459,31068833,31526418,31975806,32399271,32804020,33199993,33573874,33938221
Maldives,MDV,"Population, total",SP.POP.TOTL,104566,108713,112547,116049,119569,123243,127066,130990,134940,138944,143126,147468,151792,156025,160326,164887,169663,211160,217937,224957,232150,239136,245845,252201,258208,263841,269040,273796,278111,282507,287324,292284,297226,302135,374440,387539,400728,416738,435582,454252,472442,489758,504508,514438,521457,523787
Mali,MLI,"Population, total",SP.POP.TOTL,5726382,5806572,5888497,5973762,6061764,6153587,6247878,6347158,6455257,6569273,6687293,6807648,6935336,7072938,7218079,7372581,7532864,8617474,8774122,8945026,9123969,9310572,9506510,9711797,9921094,10131906,10359301,10620475,10916993,11239101,11583824,11952660,12342165,12751995,16039734,16514687,17004033,17551814,18112907,18700106,19311355,19934298,20567424,21224040,21904983,22593590
Malta,MLT,"Population, total",SP.POP.TOTL,318800,315200,311550,307900,304300,302650,302700,302450,302200,301996,304222,305774,306970,310182,313342,316645,318982,347325,350722,354170,363845,367618,371308,374797,377419,379905,382791,385287,387578,390087,393028,395969,398582,401268,416268,420028,425967,434558,445053,455356,467999,484630,504062,515332,518536,523417
Marshall Islands,MHL,"Population, total",SP.POP.TOTL,18154,18794,19665,21001,22623,23969,24680,25084,25522,26174,27047,27964,28912,29892,30902,31988,33219,43687,44988,46047,47053,48015,48944,49840,50702,51538,52358,53164,53834,54224,54413,54496,54493,54435,52971,52203,51352,50419,49410,48329,47187,45989,44728,43413,42050,41569
Mauritania,MRT,"Population, total",SP.POP.TOTL,965621,994697,1024992,1056393,1088832,1122198,1156361,1191376,1227358,1264352,1302436,1341604,1381329,1421786,1463514,1506694,1551687,1905847,1955040,2006027,2066302,2147527,2237064,2315191,2380341,2428816,2484278,2550501,2620611,2695003,2761823,2821703,2883326,2946575,3524249,3636113,3742959,3843174,3946220,4051890,4160015,4270712,4383849,4498604,4614974,4736139
Mauritius,MUS,"Population, total",SP.POP.TOTL,753000,768813,783917,798413,812405,826000,839230,852053,864819,878042,892000,906507,921379,933499,949888,966039,980462,1043239,1051260,1058775,1070266,1084441,1097374,1112846,1122457,1133996,1148284,1160421,1175267,1186873,1196287,1204621,1213370,1221003,1252404,1255882,1258927,1261208,1262879,1263747,1264887,1265577,1265985,1266014,1266334,1262523
Mexico,MEX,"Population, total",SP.POP.TOTL,42737991,44180437,45656963,47170337,48714394,50289306,51897675,53543436,55228203,56945880,58691882,60452543,62262505,64123997,65972912,67705186,69233769,78892015,80233749,81720428,83351595,84993164,86648447,88314424,89969572,91586555,93183094,94767284,96334810,97873442,99394288,100917081,102429341,103945813,114150481,115755909,117290686,118755887,120149897,121519221,122839258,124013861,125085311,125998302,126705138,127504125
"Micronesia, Fed. Sts.",FSM,"Population, total",SP.POP.TOTL,50759,52346,53940,55553,57236,58989,60673,62265,63889,65552,67121,68602,70144,71983,74114,76299,78531,94987,96796,98603,100427,102893,106030,108844,110328,110785,111133,111406,111539,111709,111948,111992,111805,111438,107887,108232,108609,109024,109462,109925,110430,110929,111379,112106,113131,114164
Moldova,MDA,"Population, total",SP.POP.TOTL,2301425,2336782,2369729,2400264,2429193,2456514,2483032,2509550,2536068,2563389,2590711,2618032,2643746,2668657,2692764,2716068,2740175,2931424,2952317,2965978,2973210,2975621,2974817,2967585,2953200,2947293,2936413,2935227,2930622,2924668,2918135,2911385,2903198,2896023,2860699,2860324,2859558,2857815,2835978,2803186,2755189,2707203,2664224,2635130,2615199,2592477
Monaco,MCO,"Population, total",SP.POP.TOTL,23022,23198,23281,23481,23875,24270,24610,24889,25102,25262,25524,25898,26242,26553,26834,27076,27284,29802,30078,30329,30564,30794,31024,31253,31482,31719,31968,32209,32394,32465,32444,32386,32316,32236,33945,34700,35425,36110,36760,37071,37044,37029,37034,36922,36686,36469
Mongolia,MNG,"Population, total",SP.POP.TOTL,1134072,1165746,1198197,1230406,1261887,1293880,1327781,1363835,1402309,1443130,1485691,1529084,1572516,1615868,1657448,1697780,1739221,2073771,2120825,2161433,2200077,2236494,2270311,2301510,2330334,2357033,2381771,2405148,2428488,2450979,2472601,2494617,2516454,2537949,2743938,2792349,2845153,2902823,2964749,3029555,3096030,3163991,3232430,3294335,3347782,3398366
Montenegro,MNE,"Population, total",SP.POP.TOTL,526327,526419,522796,517481,513340,512407,515449,521785,530220,538902,546487,552562,557576,562065,566888,572608,579445,607413,606571,606372,607105,608516,610170,611389,611712,611003,609520,607662,606001,604950,607389,609828,612267,613353,620079,620601,621207,621810,622159,622303,622373,622227,622028,621306,619211,616159
Morocco,MAR,"Population, total",SP.POP.TOTL,13381880,13738502,14109755,14490077,14876982,15274351,15677300,16081438,16489452,16902383,17325325,17756516,18206472,18679859,19167661,19678444,20208260,23720590,24148104,24570814,24988083,25400676,25806777,26201551,26599048,26999093,27397118,27791825,28176997,28554415,28930097,29301817,29661270,30033125,32903699,33352169,33803527,34248603,34680458,35107264,35528115,35927511,36304408,36688772,37076584,37457971
Mozambique,MOZ,"Population, total",SP.POP.TOTL,7524154,7689643,7859471,8035529,8217930,8411676,8622890,8860585,9123668,9404221,9703732,10019210,10363575,10741128,11127844,11413587,11640015,12956772,13087604,13303459,13561175,13816881,14206254,14912873,15594830,16079553,16521724,16923195,17337893,17768505,18220716,18694946,19186754,19694411,23760421,24487611,25251731,26038704,26843246,27696493,28569441,29423878,30285595,31178239,32077072,32969518
Myanmar,MMR,"Population, total",SP.POP.TOTL,24286878,24854704,25440029,26044111,26659479,27284112,27914953,28551949,29165356,29751936,30344276,30941375,31554598,32185601,32821779,33465781,34110098,38868270,39489419,40099553,40680533,41237813,41788302,42337109,42880186,43423369,43972046,44516185,45041636,45538332,46014826,46480230,46924293,47338446,49794522,50218185,50648334,51072436,51483949,51892349,52288341,52666014,53040212,53423198,53798084,54179306
Namibia,NAM,"Population, total",SP.POP.TOTL,657887,674818,693063,712427,732881,754467,776995,800610,824918,850091,876572,901840,926109,942023,957334,975994,987394,1207949,1288070,1369011,1415617,1461687,1509834,1558449,1605370,1650066,1693242,1735953,1778277,1819141,1856402,1888525,1915425,1939406,2132340,2167470,2204510,2243001,2282704,2323352,2364534,2405680,2446644,2489098,2530151,2567012
Nauru,NRU,"Population, total",SP.POP.TOTL,5804,6021,6114,6288,6508,6663,6778,6883,6990,7096,7199,7306,7441,7541,7586,7635,7691,9022,9306,9598,9902,10129,10226,10274,10316,10345,10363,10377,10383,10377,10363,10351,10344,10335,10283,10444,10694,10940,11185,11437,11682,11924,12132,12315,12511,12668
Nepal,NPL,"Population, total",SP.POP.TOTL,11232951,11470199,11715579,11970411,12231874,12501285,12774870,13052220,13335963,13626301,13925541,14230738,14550430,14888770,15238564,15600442,15969792,18720745,19145077,19616530,20130779,20702133,21267359,21794751,22305571,22783969,23249417,23703328,24143157,24559500,24956071,25332178,25682908,26003965,27266399,27330694,27381555,27462106,27610325,27861186,28183426,28506712,28832496,29348627,30034989,30547580
Netherlands,NLD,"Population, total",SP.POP.TOTL,12294732,12456251,12598201,12729721,12877984,13038526,13194497,13328593,13439322,13545056,13666335,13774037,13856185,13941700,14038270,14149800,14247208,14760094,14848907,14951510,15069798,15184166,15290368,15382838,15459006,15530498,15610650,15707209,15812088,15925513,16046180,16148929,16225302,16281779,16693074,16754962,16804432,16865008,16939923,17030314,17131296,17231624,17344874,17441500,17533044,17703090
New Caledonia,NCL,"Population, total",SP.POP.TOTL,90500,93500,96500,99500,104000,112000,120000,125500,128500,131000,132500,134000,136000,137500,138500,140050,142650,163650,166898,170899,175362,179799,184496,189482,193816,197564,201418,205279,209214,213230,217324,221490,225296,228750,254350,259000,263650,268050,269460,270220,270810,271170,271240,272460,274660,276780
New Zealand,NZL,"Population, total",SP.POP.TOTL,2628400,2675900,2724100,2748100,2772800,2810700,2853000,2903900,2961300,3023700,3083100,3110500,3120200,3121200,3109000,3112900,3124900,3283400,3299200,3329800,3495100,3531700,3572200,3620000,3673400,3732000,3781300,3815000,3835100,3857700,3880500,3948500,4027200,4087500,4384000,4408100,4442100,4516500,4609400,4714100,4813600,4900600,4979200,5090200,5111400,5124100
Nicaragua,NIC,"Population, total",SP.POP.TOTL,2084097,2150003,2219001,2291300,2366635,2444767,2525481,2603182,2682747,2769211,2857461,2947454,3038680,3128544,3214311,3303309,3397659,4033291,4129447,4227820,4327289,4427172,4526689,4625260,4721929,4812391,4895962,4974552,5049878,5123222,5192764,5259006,5323062,5386223,5942553,6030607,6119379,6208676,6298598,6389235,6480532,6572233,6663924,6755895,6850540,6948392
Niger,NER,"Population, total",SP.POP.TOTL,4053524,4172501,4294283,4417954,4542993,4669708,4797068,4926318,5059382,5196579,5339497,5488658,5644703,5810351,5987151,6173177,6366262,7872252,8116075,8370648,8634640,8907644,9193078,9493324,9813918,10149937,10494201,10854920,11231469,11622665,12031430,12456517,12900790,13366885,17283112,17954407,18653199,19372014,20128124,20921743,21737922,22577058,23443393,24333639,25252722,26207977
Nigeria,NGA,"Population, total",SP.POP.TOTL,49925799,51020296,52106681,53210119,54360750,55569264,56837614,58173834,59605446,61157931,62851312,64658315,66589655,68633344,70750307,72951439,75175387,90351467,92744064,95214257,97685360,100182045,102775465,105456121,108187610,110956183,113791181,116690527,119695565,122851984,126152678,129583026,133119801,136756848,165463745,170075932,174726123,179379016,183995785,188666931,193495907,198387623,203304492,208327405,213401323,218541212
North Macedonia,MKD,"Population, total",SP.POP.TOTL,1547982,1567707,1588649,1610537,1633502,1656783,1679012,1701498,1725228,1749329,1774013,1799332,1825299,1851978,1879354,1907023,1935200,2031932,2039426,2044174,2036686,2018023,1996893,1982458,1983964,1994226,1996869,2007523,2017142,2026350,2034882,2020157,2026773,2032544,2058539,2061044,2064032,2067471,2070226,2072490,2074502,2076217,2076694,2072531,2065092,2057679
Northern Mariana Islands,MNP,"Population, total",SP.POP.TOTL,10229,10577,10720,10440,9952,10143,11279,12730,14094,14905,15269,15595,15901,16194,16494,17613,19902,42381,45859,48002,48302,48128,47948,47780,48717,53367,60817,68501,76237,80338,79479,77162,74623,71898,52520,52359,52141,51856,51514,51133,50729,50304,49858,49587,49481,49551
Norway,NOR,"Population, total",SP.POP.TOTL,3723168,3753012,3784539,3816486,3847707,3875763,3903039,3933004,3960612,3985258,4007313,4026152,4043205,4058671,4072517,4085620,4099702,4209488,4226901,4241473,4261732,4286401,4311991,4336613,4359184,4381336,4405157,4431464,4461913,4490967,4513751,4538159,4564855,4591910,4953088,5018573,5079623,5137232,5188607,5234519,5276968,5311916,5347896,5379475,5408320,5457127
Oman,OMN,"Population, total",SP.POP.TOTL,593808,607538,622042,637379,653593,670693,688803,708045,728597,754676,787194,824081,866124,912750,963351,1017462,1075624,1623433,1713838,1804524,1895187,1985227,2071868,2133675,2172672,2209958,2245588,2279727,2312600,2344253,2374653,2403659,2431600,2468855,3206870,3535579,3816680,4009267,4191776,4398070,4541854,4601157,4602768,4543399,4520471,4576298
Pakistan,PAK,"Population, total",SP.POP.TOTL,51841626,53199414,54629793,56124743,57676805,59290872,60878781,62509565,64285624,66149169,68126999,70230923,72451105,74789330,77407341,80624057,84270202,107967838,111670386,115414069,119203569,122375179,125546615,129245139,133117476,137234810,141330267,145476106,149694462,154369924,159217727,163262807,166876680,170648620,198602738,202205861,205337562,208251628,210969298,213524840,216379655,219731479,223293280,227196741,231402117,235824862
Palau,PLW,"Population, total",SP.POP.TOTL,10563,10813,10992,11079,11159,11366,11740,12172,12541,12662,12607,12539,12463,12387,12300,12252,12386,14632,14957,15293,15640,16004,16380,16770,17209,17732,18297,18852,19380,19726,19828,19851,19880,19907,18240,17946,17805,17796,17794,17816,17837,17864,17916,17972,18024,18055
Panama,PAN,"Population, total",SP.POP.TOTL,1310556,1350462,1391072,1432255,1473965,1516188,1559072,1602646,1646580,1690676,1734876,1779037,1823146,1867313,1911814,1956987,2003092,2347821,2398535,2449968,2502044,2554382,2607499,2661385,2716067,2771606,2827992,2885177,2943120,3001731,3061024,3120990,3181608,3243311,3688674,3754862,3821556,3888793,3957099,4026336,4096063,4165255,4232532,4294396,4351267,4408581
Papua New Guinea,PNG,"Population, total",SP.POP.TOTL,2222178,2271490,2322647,2375356,2430922,2489059,2549315,2610700,2672144,2733313,2794462,2855837,2917572,2979606,3041902,3104788,3169073,3679651,3764112,3864972,3990995,4136644,4291588,4451694,4616439,4785895,4960439,5138829,5321388,5508297,5698489,5892596,6090980,6293166,7806637,8026545,8245627,8464153,8682174,8899169,9114796,9329227,9542486,9749640,9949437,10142619
Paraguay,PRY,"Population, total",SP.POP.TOTL,2143153,2195955,2248882,2301887,2355122,2408787,2463777,2521508,2583160,2648082,2714664,2782624,2852430,2924370,2999415,3078912,3163299,3844437,3951288,4059195,4167996,4277051,4386202,4495301,4603917,4711655,4818289,4923449,5026031,5123819,5211541,5286512,5353254,5416324,5843939,5923322,6005652,6090721,6177950,6266615,6355404,6443328,6530026,6618695,6703799,6780744
Peru,PER,"Population, total",SP.POP.TOTL,11781581,12127990,12481626,12843249,13213739,13562371,13911968,14292437,14674785,15057175,15441497,15826813,16224613,16638480,17059185,17492406,17932344,21143799,21624311,22109099,22583006,23047248,23513882,23983258,24449055,24907304,25365386,25818226,26252239,26654439,27014909,27334503,27623341,27893911,29477721,29749589,30038809,30353951,30711863,31132779,31605486,32203944,32824861,33304756,33715471,34049588
Philippines,PHL,"Population, total",SP.POP.TOTL,32805538,33704749,34616857,35544973,36477170,37435586,38421746,39412479,40406234,41388324,42394433,43474370,44646518,45890739,47154232,48419546,49679330,58755923,60127343,61558898,63039751,64543525,66083321,67650283,69250468,70944969,72718837,74491918,76249064,77958223,79626086,81285572,82942837,84607501,96337913,98032317,99700107,101325201,103031365,104875266,106738501,108568836,110380804,112190977,113880328,115559009
Poland,POL,"Population, total",SP.POP.TOTL,31444950,31681000,31987155,32294655,32548300,32664300,32783500,33055650,33357200,33678899,34015199,34356300,34689050,34965600,35247217,35574150,35898587,37824487,37961529,38110782,38246193,38363667,38461408,38542652,38594998,38624370,38649660,38663481,38660271,38258629,38248076,38230364,38204570,38182222,38063255,38063164,38040196,38011735,37986412,37970087,37974826,37974750,37965475,37899070,37747124,37561599
Portugal,PRT,"Population, total",SP.POP.TOTL,8998595,8930990,8874520,8836650,8757705,8680431,8643756,8630430,8633100,8754365,9093470,9355810,9455675,9558250,9661265,9766312,9851362,10019610,10005000,9983218,9960235,9952494,9964675,9991525,10026176,10063945,10108977,10160196,10217828,10289898,10362722,10419631,10458821,10483861,10557560,10514844,10457295,10401062,10358076,10325452,10300300,10283822,10286263,10297081,10325147,10379007
Puerto Rico,PRI,"Population, total",SP.POP.TOTL,2594000,2624995,2645674,2662064,2684150,2718000,2762190,2817256,2878786,2939299,2994000,3043854,3088690,3129421,3168088,3206000,3242552,3473898,3505650,3537000,3562110,3585176,3615497,3649237,3683103,3724655,3759430,3781101,3800081,3810605,3818774,3823701,3826095,3826878,3678732,3634488,3593077,3534874,3473232,3406672,3325286,3193354,3193694,3281557,3262693,3221789
Qatar,QAT,"Population, total",SP.POP.TOTL,64843,73102,82517,93022,104517,118007,133096,148338,163734,179299,195043,210990,227177,243624,260368,277450,294887,412142,426896,441675,456486,471293,486041,500683,515133,529265,550591,580997,613302,645937,678831,713186,748525,777943,1804171,1905660,2035501,2214465,2414573,2595166,2711755,2766732,2807235,2760385,2688235,2695122
Romania,ROU,"Population, total",SP.POP.TOTL,19031576,19215450,19534242,19799831,20009141,20250398,20461567,20657957,20835681,21029429,21293583,21551634,21756096,21951464,22090488,22207282,22353070,23057662,23161458,23201835,23001155,22794284,22763280,22730211,22684270,22619004,22553978,22507344,22472040,22442971,22131970,21730496,21574326,21451748,20147528,20058035,19983693,19908979,19815616,19702267,19588715,19473970,19371648,19265250,19119880,18956666
Russian Federation,RUS,"Population, total",SP.POP.TOTL,126745000,127468000,128196000,128928000,129664000,130404000,131155000,131909000,132669000,133432000,134200000,135147000,136100000,137060000,138027000,139010000,139941000,146857000,147721000,147969407,148394216,148538197,148458777,148407912,148375787,148160129,147915361,147670784,147214776,146596869,145976482,145306497,144648618,144067316,142960908,143201721,143506995,143819667,144096870,144342397,144496739,144477859,144406261,144073139,143449286,143555736
Rwanda,RWA,"Population, total",SP.POP.TOTL,3348631,3444021,3549461,3662010,3777879,3896367,4015403,4135579,4259484,4386369,4515756,4648207,4783252,4921953,5074374,5247532,5441966,6953975,7141974,7319962,7485681,7657208,7904740,6732665,5686897,6715510,7666732,7914645,8009587,8109989,8223941,8372306,8567992,8791853,10576932,10840334,11101350,11368451,11642959,11930899,12230339,12531808,12835028,13146362,13461888,13776698
Samoa,WSM,"Population, total",SP.POP.TOTL,129789,132976,135752,138154,140457,142771,145064,147332,149587,152240,155263,158136,160362,161988,163489,164905,166190,167452,167886,168186,168701,169799,171362,173107,174902,176713,178543,180385,182211,184008,185530,186630,187440,188073,196351,198124,199939,201757,203571,205544,207630,209701,211905,214929,218764,222382
San Marino,SMR,"Population, total",SP.POP.TOTL,17273,17588,17907,18291,18403,18169,18212,18575,19010,19439,19803,20160,20482,20795,21087,21346,21596,22542,22803,23132,23459,23808,24181,24535,24886,25235,25596,25997,26404,26823,27335,27969,28601,29093,32495,33132,33285,33389,33570,33834,34056,34156,34178,34007,33745,33660
Sao Tome and Principe,STP,"Population, total",SP.POP.TOTL,71730,72567,73564,74739,76059,77583,79226,80835,82472,84189,86037,88078,90299,92659,95017,97210,99170,114513,117445,120343,123084,125648,128182,130666,133077,135412,137656,139790,141808,143714,146258,149841,153762,157697,186044,189924,193757,197497,201124,204632,208036,211344,214599,218641,223107,227380
Saudi Arabia,SAU,"Population, total",SP.POP.TOTL,4978922,5173237,5381026,5604582,5844843,6106191,6396658,6724260,7088758,7483506,7897544,8319556,8755219,9210564,9682002,10171710,10678211,14713715,15353227,16004763,16654276,17281350,17846461,18367528,18888857,19410280,19938377,20472580,21009660,21547390,22085929,22623415,23150847,23661808,30150945,30821543,31482498,32125564,32749848,33416270,34193122,35018133,35827362,35997107,35950396,36408820
Senegal,SEN,"Population, total",SP.POP.TOTL,3770874,3881994,3997869,4117659,4240859,4367744,4498616,4633452,4772039,4911421,5047922,5181195,5308297,5433225,5564474,5703869,5852029,7113636,7321832,7536001,7754289,7974514,8196551,8416997,8632681,8843423,9051539,9261526,9478564,9704287,9938027,10180950,10434504,10698691,12875880,13231833,13595566,13970308,14356181,14751356,15157793,15574909,16000781,16436120,16876720,17316449
Serbia,SRB,"Population, total",SP.POP.TOTL,6794000,6841000,6880000,6915000,6945000,6972000,7013000,7053000,7091000,7128000,7163000,7214000,7258000,7297000,7332000,7362000,7405000,7572000,7581000,7586000,7595636,7646424,7699307,7734639,7625357,7617794,7596501,7567745,7540401,7516346,7503433,7496522,7480591,7463157,7234099,7199077,7164132,7130576,7095383,7058322,7020858,6982604,6945235,6899126,6834326,6760087
Seychelles,SYC,"Population, total",SP.POP.TOTL,47500,48699,49911,51134,52365,53600,54695,56029,56892,57937,59292,60504,61786,62150,62686,63261,64035,68755,69167,69507,70439,70763,72253,74205,75304,76417,77319,78846,80410,81131,81202,83723,82781,82475,87441,88303,89949,91359,93419,94677,95843,96762,97625,98462,99258,100060
Sierra Leone,SLE,"Population, total",SP.POP.TOTL,2520576,2569736,2620396,2672370,2724901,2778557,2832392,2886642,2942333,2998843,3055916,3112863,3172195,3235170,3300032,3367477,3437108,4056215,4159163,4325388,4378169,4301566,4295689,4314953,4324149,4347370,4405028,4449975,4475145,4584067,4857096,5140113,5350907,5533329,6612385,6788587,6964859,7140688,7314773,7493913,7677565,7861281,8046828,8233970,8420641,8605718
Singapore,SGP,"Population, total",SP.POP.TOTL,1886900,1934400,1977600,2012000,2042500,2074507,2112900,2152400,2193000,2229800,2262600,2293300,2325300,2353600,2383500,2413945,2532835,2846108,2930901,3047132,3135083,3230698,3313471,3419048,3524506,3670704,3796038,3927213,3958723,4027887,4138012,4175950,4114826,4166664,5183688,5312437,5399162,5469724,5535002,5607283,5612253,5638676,5703569,5685807,5453566,5637022
Sint Maarten (Dutch part),SXM,"Population, total",SP.POP.TOTL,4161,4531,4930,5354,5795,6260,6736,7226,7750,8312,8906,9523,10172,10850,11542,12243,13134,24139,25952,27845,29820,31345,31823,31735,31596,31410,31195,31240,31084,30519,30600,30777,31472,32488,33435,34640,36607,37685,38825,39969,40574,40895,41608,42310,42846,43389
Slovak Republic,SVK,"Population, total",SP.POP.TOTL,4370983,4411666,4449367,4483915,4518607,4538223,4557449,4596622,4641445,4689623,4739105,4789507,4840501,4890125,4938973,4979815,5016105,5250596,5275942,5299187,5303294,5305016,5325305,5346331,5361999,5373361,5383291,5390516,5396020,5388720,5378867,5376912,5373374,5372280,5398384,5407579,5413393,5418649,5423801,5430798,5439232,5446771,5454147,5458827,5447247,5431752
Slovenia,SVN,"Population, total",SP.POP.TOTL,1649160,1669905,1689528,1704546,1713874,1724891,1738335,1752233,1766697,1776132,1793581,1820249,1842377,1862548,1882599,1901315,1906531,1995196,1996351,1998161,1999429,1996498,1991746,1989443,1989872,1988628,1985956,1981629,1983045,1988925,1992060,1994530,1995733,1997012,2052843,2057159,2059953,2061980,2063531,2065042,2066388,2073894,2088385,2102419,2108079,2108732
Solomon Islands,SLB,"Population, total",SP.POP.TOTL,151495,155514,159667,163973,168399,172833,177264,181876,186816,192155,197853,204082,210932,218193,225786,233668,241827,305132,314560,324171,333952,343916,354086,364505,375189,386069,397050,408145,419229,429978,440395,450760,461216,471785,553721,567763,582365,597375,612660,628102,643634,659249,674993,691191,707851,724273
Somalia,SOM,"Population, total",SP.POP.TOTL,3267593,3353665,3441799,3532420,3625274,3720977,3818389,3918220,4022336,4125823,4228289,4333779,4449505,4777703,5408813,5892224,5934938,7160461,7035378,6999096,6732702,6428141,6620729,6959828,7210930,7472450,7734313,8056862,8384479,8721465,9070747,9411103,9758281,10117354,12216837,12440326,12852485,13309235,13763906,14292847,14864221,15411094,15981300,16537016,17065581,17597511
South Africa,ZAF,"Population, total",SP.POP.TOTL,19187194,19789771,20410677,21050540,21704214,22368306,23031441,23698507,24382513,25077016,25777964,26480300,27199838,27943445,28697014,29463549,30232561,37393853,38668684,39877570,40910959,41760755,42525440,43267982,43986084,44661603,45285048,45852166,46364681,46813266,47229714,47661514,48104048,48556071,52443325,53145033,53873616,54729551,55876504,56422274,56641209,57339635,58087055,58801927,59392255,59893885
South Sudan,SSD,"Population, total",SP.POP.TOTL,3143622,3185305,3221957,3261725,3301892,3342410,3396808,3464715,3542465,3629608,3718279,3808615,3901044,3995911,4092792,4192012,4293866,4814879,4706626,4750817,4867185,4956969,5018172,5142863,5302042,5434894,5589410,5699436,5850145,6114440,6394431,6686100,6992367,7317118,10243050,10701604,11106031,11213284,11194299,11066105,10658226,10395329,10447666,10606227,10748272,10913164
Spain,ESP,"Population, total",SP.POP.TOTL,31954292,32283194,32682947,33113134,33441054,33814531,34224490,34604469,34988947,35373335,35757900,36137812,36511638,36864898,37191330,37491165,37758631,38766939,38827764,38867322,38966376,39157685,39361262,39549108,39724050,39889852,40057389,40223509,40386875,40567864,40850412,41431558,42187645,42921895,46742697,46773055,46620045,46480882,46444832,46484062,46593236,46797754,47134837,47365655,47415750,47615034
Sri Lanka,LKA,"Population, total",SP.POP.TOTL,11035224,11299721,11571008,11846815,12119207,12388769,12654651,12914457,13169737,13418276,13662873,13910170,14159052,14414816,14680387,14943645,15198918,16773736,16990575,17204094,17416596,17624457,17825611,18011744,18177572,18322506,18449123,18560798,18670411,18776371,18920275,19110707,19303180,19490431,20859743,21017147,21131756,21239457,21336697,21425494,21506813,21670000,21803000,21919000,22156000,22181000
St. Kitts and Nevis,KNA,"Population, total",SP.POP.TOTL,52016,50683,49269,47772,46135,44968,44583,44416,44242,44056,43888,43740,43603,43465,43278,43097,42953,41321,40992,40636,40542,40900,41447,42001,42550,43097,43656,44230,44825,45461,45986,46264,46431,46580,47581,47727,47767,47789,47790,47788,47785,47761,47712,47642,47606,47657
St. Lucia,LCA,"Population, total",SP.POP.TOTL,97024,98126,99257,100400,101605,103090,104781,106457,108114,109740,111497,113421,115385,117397,119463,121633,123909,138660,140457,142301,144268,146420,148595,150561,152348,153969,155454,156855,158256,159500,160594,161799,163047,164239,172145,173124,173978,174804,175623,176413,177163,177888,178583,179237,179651,179857
St. Martin (French part),MAF,"Population, total",SP.POP.TOTL,4832,5044,5294,5497,5646,5802,5957,6114,6278,6447,6656,6896,7131,7357,7572,7776,7963,23552,26303,28127,28736,29035,29247,29380,29435,29407,29299,29102,29099,29610,30387,31160,31929,32697,36350,36026,35639,35261,35020,34811,34496,33852,33121,32553,31948,31791
St. Vincent and the Grenadines,VCT,"Population, total",SP.POP.TOTL,91495,92957,94382,95758,97126,98459,99699,100843,101924,102951,103879,104709,105499,106236,106882,107480,108191,112076,112320,112487,112780,113222,113621,113944,114174,114290,114276,114165,113995,113813,113641,113450,113108,112608,108703,108083,107450,106912,106482,105963,105549,105281,104924,104632,104332,103948
Sudan,SDN,"Population, total",SP.POP.TOTL,9712785,10014505,10320500,10638899,10966145,11305206,11668921,12057260,12469591,12950962,13497543,14066007,14667218,15305806,15973034,16673586,17404336,20453819,20718709,21090886,21453711,21780059,22163251,22703631,23290602,23862258,24454372,25029144,25634162,26298773,26947253,27570318,28188977,28831550,34419624,35159792,35990704,37003245,38171178,39377169,40679828,41999059,43232093,44440486,45657202,46874204
Suriname,SUR,"Population, total",SP.POP.TOTL,321069,332142,343620,355468,367618,379918,392026,397529,396331,394519,392137,389231,385810,381885,377362,375112,375859,402139,408360,412756,415981,419521,422375,426548,434490,443834,452887,461749,470458,478998,487394,495666,503780,510572,552146,558111,563947,569682,575475,581453,587559,593715,600301,607065,612985,618040
Sweden,SWE,"Population, total",SP.POP.TOTL,7733853,7807797,7867931,7912273,7968072,8042801,8098334,8122300,8136312,8159955,8192437,8222286,8251540,8275599,8293678,8310531,8320503,8436489,8492964,8558835,8617375,8668067,8718561,8780745,8826939,8840998,8846062,8850974,8857874,8872109,8895960,8924958,8958229,8993531,9449213,9519374,9600379,9696110,9799186,9923085,10057698,10175214,10278887,10353442,10415811,10486941
Switzerland,CHE,"Population, total",SP.POP.TOTL,5856472,5918002,5991785,6067714,6136387,6180877,6213399,6260956,6307347,6341405,6338632,6302504,6281174,6281738,6294365,6319408,6354074,6593386,6646912,6715519,6799978,6875364,6938265,6993795,7040687,7071850,7088906,7110001,7143991,7184250,7229854,7284753,7339001,7389625,7912398,7996861,8089346,8188649,8282396,8373338,8451840,8514329,8575280,8638167,8703405,8769741
Syrian Arab Republic,SYR,"Population, total",SP.POP.TOTL,5368451,5542003,5723306,5912715,6111364,6319199,6538526,6768544,7003114,7244901,7497126,7758673,8029313,8310217,8600747,8898954,9203635,11657772,12034097,12408996,12782281,13156406,13537060,13922626,14313450,14708879,15103996,15500542,15901201,16307654,16727948,17164021,17611356,18084007,22730733,22605577,21495821,20072232,19205178,18964252,18983373,19333463,20098251,20772595,21324367,22125249
Tajikistan,TJK,"Population, total",SP.POP.TOTL,2538295,2625653,2714959,2806566,2899854,2993019,3085961,3180461,3277487,3377758,3482125,3590606,3703010,3818114,3932682,4045965,4160745,5100020,5264332,5417860,5556306,5656208,5717806,5803993,5916173,6035600,6117069,6156805,6189565,6272998,6408810,6541755,6672492,6801204,7784819,7956382,8136610,8326348,8524063,8725318,8925525,9128132,9337003,9543207,9750064,9952787
Tanzania,TZA,"Population, total",SP.POP.TOTL,11630603,11981932,12346286,12739965,13167782,13618192,14092218,14595699,15123504,15671316,16243826,16838919,17454627,18080005,18698636,19297659,19890930,24844147,25522898,26206012,26890906,27580723,28469017,29598323,30560071,31140733,31785846,32626498,33499772,34463704,35414469,36353531,37333918,38360879,46416031,47786137,49253643,50814552,52542823,54401802,56267032,58090443,59872579,61704518,63588334,65497748
Thailand,THA,"Population, total",SP.POP.TOTL,30940270,31883754,32839341,33807357,34787583,35791728,36807997,37834384,38873060,39900961,40908471,41882128,42843802,43806715,44760091,45737753,46727292,53410965,54324004,55228410,56099865,56939020,57776082,58610010,59424834,60211096,60989108,61745217,62442651,63066603,63649892,64222580,64776956,65311166,68712846,69157023,69578602,69960943,70294397,70607037,70898202,71127802,71307763,71475664,71601103,71697030
Timor-Leste,TLS,"Population, total",SP.POP.TOTL,507477,516197,525274,534649,544242,554021,563953,574014,584035,592277,600126,609650,619308,627671,634549,642224,649250,722690,739735,758106,772655,783705,795179,807115,819226,831269,843341,855409,866649,878360,893001,909639,926721,945989,1112976,1137676,1161555,1184830,1205813,1224562,1243235,1261845,1280438,1299995,1320942,1341296
Togo,TGO,"Population, total",SP.POP.TOTL,1820396,1882458,1957164,2038765,2120486,2197383,2267211,2330704,2390909,2450335,2509713,2569671,2630626,2693400,2761240,2838110,2925865,3653420,3763657,3875947,3990215,4106219,4078392,4092612,4279566,4445883,4592550,4728297,4867941,5008035,5145426,5281538,5421001,5565218,6748672,6926635,7106229,7288383,7473229,7661354,7852795,8046679,8243094,8442580,8644829,8848699
Tonga,TON,"Population, total",SP.POP.TOTL,77686,79794,81725,83430,84997,86484,87904,89275,90611,92007,93477,94921,95847,96227,96506,96708,96846,97939,98379,98727,99010,99260,99492,99731,99977,100195,100658,101343,101982,102603,103210,103804,104410,105036,107611,107502,107089,106626,106122,105707,105415,105150,104951,105254,106017,106858
Trinidad and Tobago,TTO,"Population, total",SP.POP.TOTL,928462,942599,955681,967699,978642,988890,1000130,1013031,1026563,1040291,1054017,1067696,1081693,1096569,1112310,1127852,1142695,1244633,1256210,1266518,1276224,1285502,1293974,1301393,1307822,1313434,1318171,1322572,1327063,1332203,1338567,1345964,1353548,1361172,1420020,1430377,1440729,1450661,1460177,1469330,1478607,1504709,1519955,1518147,1525663,1531044
Tunisia,TUN,"Population, total",SP.POP.TOTL,4457282,4548972,4661271,4785003,4915162,5047404,5182040,5320148,5463650,5613116,5769074,5929998,6092769,6254876,6416191,6578156,6744050,8068788,8256396,8440023,8622853,8802540,8977173,9143141,9294102,9430550,9557948,9677148,9788067,9893316,9995123,10094561,10193798,10292225,11032528,11174383,11300284,11428948,11557779,11685667,11811443,11933041,12049314,12161723,12262946,12356117
Turkiye,TUR,"Population, total",SP.POP.TOTL,31374536,32172785,33026490,33884075,34721990,35540990,36359957,37188035,38028236,38863420,39673590,40500997,41385656,42292206,43187476,44089069,44981877,52275890,53305234,54324142,55321172,56302037,57296008,58310245,59305490,60293786,61277426,62242204,63185615,64113547,65072018,65988663,66867327,67785075,74173854,75277439,76576117,78112073,79646178,81019394,82089826,82809304,83481684,84135428,84775404,85341241
Turkmenistan,TKM,"Population, total",SP.POP.TOTL,1897095,1957557,2018024,2078581,2139557,2201432,2264434,2328374,2393323,2459325,2525760,2592280,2659019,2726327,2794392,2862903,2932934,3525110,3621303,3720278,3821782,3926369,4031698,4133037,4226623,4301093,4363672,4431517,4501079,4569132,4635094,4698968,4758988,4819792,5360811,5458682,5560095,5663152,5766431,5868561,5968383,6065066,6158420,6250438,6341855,6430770
Turks and Caicos Islands,TCA,"Population, total",SP.POP.TOTL,5650,5652,5662,5668,5663,5665,5742,5896,6068,6249,6451,6668,6885,7110,7332,7598,7957,10816,11227,11709,12329,13014,13704,14402,15101,15806,16515,17239,17984,18744,19578,20598,21739,22869,30816,32081,33594,34985,36538,38246,39844,41487,43080,44276,45114,45703
Tuvalu,TUV,"Population, total",SP.POP.TOTL,5548,5591,5657,5729,5779,5814,5854,5891,5934,6100,6381,6677,6984,7297,7552,7731,7874,8844,9017,9182,9354,9466,9517,9559,9585,9611,9630,9634,9640,9638,9621,9609,9668,9791,10700,10854,10918,10899,10877,10852,10828,10865,10956,11069,11204,11312
Uganda,UGA,"Population, total",SP.POP.TOTL,8829056,9104743,9393432,9696370,10006526,10317212,10616338,10885563,11146099,11428676,11730959,12045227,12369253,12701999,13011511,13284026,13563558,16489323,17028543,17586630,18171935,18801966,19462958,20125021,20680831,21249572,21876935,22537658,23279247,24020697,24763325,25545090,26354736,27146084,33295738,34273295,35273570,36336539,37477356,38748299,40127085,41515395,42949080,44404611,45853778,47249585
Ukraine,UKR,"Population, total",SP.POP.TOTL,45387091,45809120,46235370,46635196,46990889,47279086,47597756,47974187,48301548,48602694,48892187,49144535,49357430,49536615,49739734,49973920,50221000,51521000,51773000,51891400,52000500,52150400,52179200,51921400,51512800,51057800,50594600,50144500,49674000,49176500,48662400,48202470,47812949,47451626,45706086,45593342,45489648,45272155,45154036,45004673,44831135,44622518,44386203,44132049,43792855,38000000
United Arab Emirates,ARE,"Population, total",SP.POP.TOTL,173797,182509,191404,213582,253261,298084,344513,392368,441546,491955,543394,614177,706861,805231,908452,1014048,1100180,1683681,1791840,1900151,2008383,2116231,2223284,2329024,2433988,2572735,2746119,2921130,3097563,3275333,3454198,3633655,3813443,3993339,8575205,8664969,8751847,8835951,8916899,8994263,9068296,9140169,9211657,9287289,9365145,9441129
United Kingdom,GBR,"Population, total",SP.POP.TOTL,54348050,54648500,54943600,55211700,55441750,55663250,55896223,56086065,56194527,56229974,56225800,56211968,56193492,56196504,56246951,56314216,56333829,56928327,57076711,57247586,57424897,57580402,57718614,57865745,58019030,58166950,58316954,58487141,58682466,58892514,59119673,59370479,59647577,59987905,63258810,63700215,64128273,64602298,65116219,65611593,66058859,66460344,66836327,67081234,67026300,66971411
United States,USA,"Population, total",SP.POP.TOTL,194303000,196560000,198712000,200706000,202677000,205052000,207661000,209896000,211909000,213854000,215973000,218035000,220239000,222585000,225055000,227225000,229466000,244499000,246819000,249623000,252981000,256514000,259919000,263126000,266278000,269394000,272657000,275854000,279040000,282162411,284968955,287625193,290107933,292805298,311583481,313877662,316059947,318386329,320738994,323071755,325122128,326838199,328329953,331511512,332031554,333287557
Uruguay,URY,"Population, total",SP.POP.TOTL,2680427,2707030,2731847,2754417,2773957,2790265,2805492,2821086,2836825,2853588,2871947,2891094,2909327,2925840,2940729,2953750,2966076,3077760,3097889,3117012,3135374,3153732,3171747,3189945,3208300,3226633,3245069,3262683,3278963,3292224,3300939,3306441,3310202,3313801,3361637,3371133,3381180,3391662,3402818,3413766,3422200,3427042,3428409,3429086,3426260,3422794
Uzbekistan,UZB,"Population, total",SP.POP.TOTL,10130096,10504969,10881533,11261600,11641640,12011361,12370120,12733242,13107928,13494711,13894347,14307397,14731709,15154314,15558907,15947129,16335642,19600028,20102902,20510000,20952000,21449000,21942000,22377000,22785000,23225000,23667000,24051000,24311650,24650400,24964450,25271850,25567650,25864350,29339400,29774500,30243200,30757700,31298900,31847900,32388600,32956100,33580350,34232050,34915100,35648100
Vanuatu,VUT,"Population, total",SP.POP.TOTL,74677,76945,79311,81782,84350,87019,89796,92687,95687,98790,102010,105341,108769,112185,115344,118156,120887,143528,147181,150882,154678,158577,162548,166560,170612,174714,178871,183088,187432,192074,197034,202125,207258,212422,251294,257313,263534,269927,276438,283218,290239,297298,304404,311685,319137,326740
"Venezuela, RB",VEN,"Population, total",SP.POP.TOTL,9688138,10010685,10338848,10672654,11011335,11355475,11705674,12061621,12424804,12796220,13176387,13566112,13965250,14372959,14788523,15210443,15638426,18800770,19275292,19750579,20226214,20700461,21172100,21640833,22107286,22572110,23037561,23503819,23966960,24427729,24880203,25330929,25782029,26226927,29096159,29470426,29838021,30193258,30529716,30741464,30563433,29825653,28971683,28490453,28199867,28301696
Vietnam,VNM,"Population, total",SP.POP.TOTL,37466077,38388210,39282564,40145287,41015865,41928849,42916624,43906019,44891281,45898698,46969616,48163573,49418150,50701458,51831389,52968270,54280394,64037514,65466361,66912613,68358820,69788747,71176405,72501087,73759110,74946448,76058603,77128424,78123713,79001142,79817777,80642308,81475825,82311227,88349117,89301326,90267739,91235504,92191398,93126529,94033048,94914330,95776716,96648685,97468029,98186856
Virgin Islands (U.S.),VIR,"Population, total",SP.POP.TOTL,43500,46200,49100,55700,60300,63476,70937,76319,84121,89941,94484,96166,93203,95929,96183,99636,99853,100952,101041,103963,104807,105712,106578,107318,107818,108095,108357,108537,108599,108642,108549,108509,108505,108466,108290,108188,108041,107882,107712,107516,107281,107001,106669,106290,105870,105413
West Bank and Gaza,PSE,"Population, total",SP.POP.TOTL,..,..,..,..,..,..,..,..,..,..,..,..,..,..,..,..,..,..,..,1978248,2068845,2163591,2262676,2366298,2474666,2587997,2706518,2776568,2848431,2922153,2997784,3075373,3154969,3236626,3882986,3979998,4076708,4173398,4270092,4367088,4454805,4569087,4685306,4803269,4922749,5043612
"Yemen, Rep.",YEM,"Population, total",SP.POP.TOTL,6097298,6228430,6368014,6515904,6673981,6843607,7024196,7215835,7417736,7630190,7855657,8094985,8348182,8615301,8899922,9204938,9529105,12387238,12872362,13375121,13895851,14433771,14988047,15553171,16103339,16614326,17108681,17608133,18114552,18628700,19143457,19660653,20188799,20733406,25475610,26223391,26984002,27753304,28516545,29274002,30034389,30790513,31546691,32284046,32981641,33696614
Zambia,ZMB,"Population, total",SP.POP.TOTL,3658024,3777680,3901288,4029173,4159007,4281671,4399919,4523581,4653289,4789038,4931249,5079672,5233292,5391355,5553462,5720438,5897481,7294325,7491275,7686401,7880466,8074337,8270917,8474216,8684135,8902019,9133156,9372430,9621238,9891136,10191964,10508294,10837973,11188040,14265814,14744658,15234976,15737793,16248230,16767761,17298054,17835893,18380477,18927715,19473125,20017675
Zimbabwe,ZWE,"Population, total",SP.POP.TOTL,4447149,4588529,4734694,4886347,5044163,5202918,5363423,5532842,5712712,5903530,6097083,6288387,6453044,6549349,6655833,7049926,7506526,9568739,9846346,10113893,10377815,10641501,10794918,10858594,10994041,11178171,11362401,11548364,11716454,11834676,11910978,11984644,12075828,12160881,13025785,13265331,13555422,13855753,14154937,14452704,14751101,15052184,15354608,15669666,15993524,16320537
,,,,,,,,,,,,,,,,,,,,,,,,,,,,,,,,,,,,,,,,,,,,,,,,,
,,,,,,,,,,,,,,,,,,,,,,,,,,,,,,,,,,,,,,,,,,,,,,,,,
,,,,,,,,,,,,,,,,,,,,,,,,,,,,,,,,,,,,,,,,,,,,,,,,,
Data from database: Population estimates and projections,,,,,,,,,,,,,,,,,,,,,,,,,,,,,,,,,,,,,,,,,,,,,,,,,
Last Updated: 07/05/2023,,,,,,,,,,,,,,,,,,,,,,,,,,,,,,,,,,,,,,,,,,,,,,,,,
